name;frameTime;F0final_sma;voicingFinalUnclipped_sma;pcm_loudness_sma
'unknown';0.010000;0;0;4.040010e-02
'unknown';0.020000;0;0;2.688565e-02
'unknown';0.030000;0;0;1.835374e-02
'unknown';0.040000;0;0;3.551460e-02
'unknown';0.050000;0;0;5.104931e-02
'unknown';0.060000;0;0;5.159631e-02
'unknown';0.070000;0;0;4.370478e-02
'unknown';0.080000;1.874022e+01;2.676452e-01;3.747540e-02
'unknown';0.090000;3.915289e+01;5.328596e-01;4.996974e-02
'unknown';0.100000;3.915289e+01;5.328596e-01;4.505498e-02
'unknown';0.110000;4.379097e+01;5.269229e-01;4.462665e-02
'unknown';0.120000;4.519160e+01;5.205719e-01;4.246026e-02
'unknown';0.130000;4.519160e+01;5.205719e-01;5.663640e-02
'unknown';0.140000;2.181329e+01;5.078103e-01;7.614724e-02
'unknown';0.150000;0;2.489468e-01;1.112535e-01
'unknown';0.160000;0;2.489468e-01;1.212699e-01
'unknown';0.170000;0;0;9.944382e-02
'unknown';0.180000;0;0;6.092185e-02
'unknown';0.190000;0;0;4.631641e-02
'unknown';0.200000;0;0;4.356396e-02
'unknown';0.210000;0;0;4.854250e-02
'unknown';0.220000;0;0;3.142837e-02
'unknown';0.230000;0;0;5.064397e-02
'unknown';0.240000;0;0;4.742864e-02
'unknown';0.250000;0;0;5.874692e-02
'unknown';0.260000;2.056256e+01;2.646957e-01;4.992703e-02
'unknown';0.270000;4.076667e+01;5.311464e-01;4.665298e-02
'unknown';0.280000;6.269532e+01;7.836750e-01;5.566799e-02
'unknown';0.290000;6.670437e+01;7.697568e-01;6.962049e-02
'unknown';0.300000;4.650025e+01;5.033061e-01;7.323311e-02
'unknown';0.310000;2.457159e+01;2.507775e-01;6.570438e-02
'unknown';0.320000;0;0;6.185083e-02
'unknown';0.330000;0;2.603590e-01;6.151226e-02
'unknown';0.340000;0;2.603590e-01;5.369021e-02
'unknown';0.350000;0;2.603590e-01;5.318341e-02
'unknown';0.360000;0;0;5.578330e-02
'unknown';0.370000;2.245600e+01;2.581503e-01;6.633548e-02
'unknown';0.380000;4.510681e+01;5.208492e-01;6.259134e-02
'unknown';0.390000;6.750434e+01;7.899850e-01;6.775763e-02
'unknown';0.400000;6.614664e+01;7.966002e-01;8.351069e-02
'unknown';0.410000;6.447923e+01;7.973962e-01;7.276303e-02
'unknown';0.420000;4.208171e+01;5.282603e-01;6.566978e-02
'unknown';0.430000;2.098340e+01;2.634948e-01;5.817914e-02
'unknown';0.440000;0;0;7.241517e-02
'unknown';0.450000;0;0;6.641424e-02
'unknown';0.460000;0;0;5.192246e-02
'unknown';0.470000;0;0;2.498151e-02
'unknown';0.480000;1.933707e+01;2.572517e-01;4.332916e-02
'unknown';0.490000;4.009547e+01;5.173334e-01;5.113796e-02
'unknown';0.500000;4.009547e+01;5.173334e-01;5.113796e-02
'unknown';0.510000;2.075840e+01;2.600817e-01;3.598665e-02
'unknown';0.520000;0;0;4.748959e-02
'unknown';0.530000;1.900963e+01;2.495683e-01;7.950625e-02
'unknown';0.540000;4.085276e+01;4.890898e-01;6.992435e-02
'unknown';0.550000;6.634346e+01;7.409616e-01;3.790768e-02
'unknown';0.560000;7.009741e+01;7.459116e-01;1.246305e-02
'unknown';0.570000;4.825428e+01;5.063901e-01;2.090255e-02
'unknown';0.580000;2.276358e+01;2.545184e-01;2.090255e-02
'unknown';0.590000;0;0;4.680242e-02
'unknown';0.600000;0;0;6.823220e-02
'unknown';0.610000;0;0;1.007041e-01
'unknown';0.620000;0;0;8.443638e-02
'unknown';0.630000;0;0;7.587277e-02
'unknown';0.640000;0;0;7.587277e-02
'unknown';0.650000;0;0;6.805073e-02
'unknown';0.660000;1.224082e+02;2.565700e-01;7.400088e-02
'unknown';0.670000;2.453738e+02;5.269375e-01;5.045811e-02
'unknown';0.680000;3.711125e+02;8.070630e-01;6.552856e-02
'unknown';0.690000;3.758947e+02;8.373442e-01;7.771979e-02
'unknown';0.700000;3.817603e+02;8.604611e-01;2.011063e-01
'unknown';0.710000;3.848558e+02;8.732503e-01;3.379647e-01
'unknown';0.720000;3.825191e+02;8.782768e-01;3.839615e-01
'unknown';0.730000;3.759925e+02;8.726457e-01;4.651142e-01
'unknown';0.740000;3.631435e+02;8.612005e-01;5.682986e-01
'unknown';0.750000;2.641864e+02;8.117030e-01;7.218398e-01
'unknown';0.760000;1.661627e+02;7.739535e-01;5.788627e-01
'unknown';0.770000;7.410784e+01;7.507591e-01;4.250543e-01
'unknown';0.780000;7.223300e+01;7.642148e-01;2.204269e-01
'unknown';0.790000;7.176662e+01;7.668858e-01;2.074520e-01
'unknown';0.800000;7.118601e+01;7.532520e-01;1.322351e-01
'unknown';0.810000;4.716433e+01;7.224951e-01;1.869127e-01
'unknown';0.820000;2.334989e+01;6.853151e-01;1.870673e-01
'unknown';0.830000;0;6.728830e-01;1.808014e-01
'unknown';0.840000;5.696518e+01;7.088675e-01;1.330033e-01
'unknown';0.850000;1.128959e+02;7.674507e-01;1.744092e-01
'unknown';0.860000;1.681760e+02;8.153313e-01;1.874275e-01
'unknown';0.870000;1.657693e+02;8.368177e-01;2.629653e-01
'unknown';0.880000;1.636010e+02;8.472819e-01;3.798007e-01
'unknown';0.890000;1.611786e+02;8.489054e-01;5.770356e-01
'unknown';0.900000;1.582880e+02;8.483027e-01;6.107413e-01
'unknown';0.910000;1.555523e+02;8.448353e-01;4.817729e-01
'unknown';0.920000;1.530892e+02;8.478324e-01;4.658867e-01
'unknown';0.930000;1.512548e+02;8.471671e-01;3.761519e-01
'unknown';0.940000;1.497375e+02;8.468714e-01;3.634180e-01
'unknown';0.950000;1.486039e+02;8.417906e-01;2.168698e-01
'unknown';0.960000;1.479669e+02;8.407542e-01;2.168698e-01
'unknown';0.970000;1.477009e+02;8.394127e-01;1.581330e-01
'unknown';0.980000;1.476005e+02;8.391590e-01;2.796189e-01
'unknown';0.990000;1.473022e+02;8.362024e-01;2.599331e-01
'unknown';1.000000;1.465799e+02;8.305528e-01;4.208806e-01
'unknown';1.010000;1.459440e+02;8.273591e-01;2.681634e-01
'unknown';1.020000;1.458243e+02;8.280377e-01;2.511242e-01
'unknown';1.030000;1.463422e+02;8.335862e-01;1.794871e-01
'unknown';1.040000;1.473013e+02;8.373609e-01;1.934409e-01
'unknown';1.050000;1.484470e+02;8.398766e-01;2.796326e-01
'unknown';1.060000;1.495613e+02;8.394110e-01;2.532882e-01
'unknown';1.070000;1.503353e+02;8.397315e-01;2.893579e-01
'unknown';1.080000;1.507247e+02;8.379856e-01;3.361302e-01
'unknown';1.090000;1.509927e+02;8.355427e-01;3.716501e-01
'unknown';1.100000;1.513314e+02;8.302412e-01;3.248411e-01
'unknown';1.110000;1.517874e+02;8.273619e-01;2.945471e-01
'unknown';1.120000;1.523938e+02;8.239943e-01;3.085943e-01
'unknown';1.130000;1.531677e+02;8.241690e-01;3.712782e-01
'unknown';1.140000;1.542219e+02;8.219118e-01;3.389530e-01
'unknown';1.150000;1.554273e+02;8.213810e-01;3.368535e-01
'unknown';1.160000;1.565809e+02;8.181807e-01;3.094122e-01
'unknown';1.170000;1.574224e+02;8.216429e-01;3.152817e-01
'unknown';1.180000;1.577625e+02;8.289945e-01;2.409593e-01
'unknown';1.190000;1.575173e+02;8.372426e-01;2.718654e-01
'unknown';1.200000;1.570046e+02;8.373526e-01;2.235644e-01
'unknown';1.210000;1.563326e+02;8.322303e-01;2.980703e-01
'unknown';1.220000;1.553353e+02;8.272905e-01;2.777292e-01
'unknown';1.230000;1.543940e+02;8.244650e-01;3.162634e-01
'unknown';1.240000;1.543707e+02;8.214014e-01;2.489190e-01
'unknown';1.250000;1.030894e+02;5.461424e-01;2.187512e-01
'unknown';1.260000;5.187799e+01;2.717950e-01;1.449894e-01
'unknown';1.270000;0;0;1.144480e-01
'unknown';1.280000;2.550761e+01;2.614829e-01;7.875666e-02
'unknown';1.290000;5.122839e+01;5.265728e-01;8.436301e-02
'unknown';1.300000;7.657434e+01;7.909620e-01;7.272045e-02
'unknown';1.310000;5.106673e+01;5.294791e-01;7.966954e-02
'unknown';1.320000;2.534595e+01;2.643893e-01;8.806879e-02
'unknown';1.330000;2.507052e+01;2.621807e-01;9.714404e-02
'unknown';1.340000;5.024388e+01;5.216251e-01;6.224034e-02
'unknown';1.350000;5.024388e+01;5.216251e-01;4.852201e-02
'unknown';1.360000;4.360199e+01;5.259077e-01;5.350935e-02
'unknown';1.370000;3.729391e+01;5.315310e-01;8.318140e-02
'unknown';1.380000;5.668532e+01;7.950807e-01;7.955334e-02
'unknown';1.390000;3.825669e+01;5.286176e-01;6.513327e-02
'unknown';1.400000;1.939141e+01;4.593533e-01;5.891380e-02
'unknown';1.410000;0;1.958036e-01;7.911488e-02
'unknown';1.420000;0;1.958036e-01;9.538261e-02
'unknown';1.430000;2.517350e+01;2.590601e-01;8.740296e-02
'unknown';1.440000;4.891180e+01;5.176698e-01;7.054267e-02
'unknown';1.450000;4.891180e+01;5.176698e-01;4.852219e-02
'unknown';1.460000;2.373831e+01;2.586097e-01;5.262551e-02
'unknown';1.470000;0;0;6.663110e-02
'unknown';1.480000;0;0;1.092473e-01
'unknown';1.490000;0;2.499581e-01;1.291292e-01
'unknown';1.500000;0;2.499581e-01;1.265586e-01
'unknown';1.510000;1.902740e+01;5.112135e-01;1.024353e-01
'unknown';1.520000;3.855112e+01;5.241708e-01;7.078738e-02
'unknown';1.530000;3.855112e+01;5.241708e-01;5.222746e-02
'unknown';1.540000;4.011477e+01;5.280106e-01;5.319512e-02
'unknown';1.550000;4.281795e+01;5.275568e-01;8.281875e-02
'unknown';1.560000;6.276790e+01;7.909473e-01;9.023095e-02
'unknown';1.570000;5.977722e+01;7.904582e-01;6.465488e-02
'unknown';1.580000;3.755032e+01;5.279967e-01;3.062063e-02
'unknown';1.590000;3.864104e+01;5.301619e-01;1.611763e-02
'unknown';1.600000;4.397960e+01;5.340045e-01;4.072604e-02
'unknown';1.610000;6.517269e+01;7.983789e-01;6.818566e-02
'unknown';1.620000;6.383275e+01;8.004350e-01;6.204643e-02
'unknown';1.630000;4.089381e+01;5.319863e-01;5.820485e-02
'unknown';1.640000;3.911407e+01;5.336587e-01;5.959046e-02
'unknown';1.650000;3.866915e+01;5.349504e-01;7.167809e-02
'unknown';1.660000;3.866915e+01;5.349504e-01;6.799880e-02
'unknown';1.670000;1.925581e+01;2.689036e-01;5.122691e-02
'unknown';1.680000;0;0;3.689638e-02
'unknown';1.690000;1.782947e+01;2.444314e-01;1.887252e-02
'unknown';1.700000;4.671485e+01;4.855895e-01;1.478800e-02
'unknown';1.710000;7.562533e+01;7.340245e-01;4.990716e-02
'unknown';1.720000;1.187810e+02;7.572904e-01;8.141128e-02
'unknown';1.730000;1.513389e+02;7.964199e-01;1.299809e-01
'unknown';1.740000;1.844198e+02;8.336701e-01;2.871575e-01
'unknown';1.750000;1.860158e+02;8.527849e-01;4.005412e-01
'unknown';1.760000;1.878164e+02;8.572356e-01;4.286965e-01
'unknown';1.770000;1.902098e+02;8.536409e-01;3.196496e-01
'unknown';1.780000;1.952809e+02;8.451733e-01;2.848300e-01
'unknown';1.790000;2.024418e+02;8.365281e-01;3.886662e-01
'unknown';1.800000;2.091986e+02;8.342931e-01;4.593935e-01
'unknown';1.810000;2.127825e+02;8.358768e-01;4.370331e-01
'unknown';1.820000;2.124931e+02;8.342026e-01;2.545381e-01
'unknown';1.830000;2.084476e+02;8.295970e-01;1.633360e-01
'unknown';1.840000;2.030638e+02;8.235631e-01;1.979516e-01
'unknown';1.850000;1.966591e+02;8.177519e-01;3.166846e-01
'unknown';1.860000;1.906844e+02;8.042781e-01;3.612665e-01
'unknown';1.870000;1.847645e+02;7.740093e-01;3.824272e-01
'unknown';1.880000;1.792800e+02;7.517760e-01;3.256725e-01
'unknown';1.890000;1.761091e+02;7.472600e-01;2.510145e-01
'unknown';1.900000;1.742508e+02;7.658048e-01;1.100219e-01
'unknown';1.910000;1.752539e+02;7.849399e-01;1.032421e-01
'unknown';1.920000;1.773838e+02;8.088085e-01;1.206159e-01
'unknown';1.930000;1.792169e+02;8.329363e-01;2.126123e-01
'unknown';1.940000;1.790593e+02;8.571269e-01;2.063991e-01
'unknown';1.950000;1.770722e+02;8.666207e-01;3.153063e-01
'unknown';1.960000;1.745370e+02;8.676786e-01;3.554254e-01
'unknown';1.970000;1.722972e+02;8.612364e-01;4.167329e-01
'unknown';1.980000;1.704844e+02;8.474494e-01;3.287843e-01
'unknown';1.990000;1.680742e+02;8.275717e-01;3.398046e-01
'unknown';2.000000;1.664360e+02;8.215871e-01;3.495104e-01
'unknown';2.010000;1.653358e+02;8.196713e-01;3.537295e-01
'unknown';2.020000;1.648991e+02;8.284164e-01;2.160912e-01
'unknown';2.030000;1.636288e+02;8.247181e-01;1.125391e-01
'unknown';2.040000;1.618786e+02;8.249858e-01;9.480596e-02
'unknown';2.050000;1.596739e+02;8.184882e-01;1.798868e-01
'unknown';2.060000;1.561349e+02;8.072278e-01;2.539214e-01
'unknown';2.070000;1.241930e+02;7.846766e-01;3.032498e-01
'unknown';2.080000;7.187262e+01;5.149505e-01;3.088429e-01
'unknown';2.090000;6.696358e+01;5.087299e-01;2.538814e-01
'unknown';2.100000;9.090741e+01;5.287407e-01;2.012392e-01
'unknown';2.110000;1.362370e+02;8.030310e-01;1.471833e-01
'unknown';2.120000;1.350436e+02;8.174719e-01;1.586351e-01
'unknown';2.130000;1.331139e+02;8.212585e-01;1.814790e-01
'unknown';2.140000;1.307042e+02;8.206499e-01;2.131632e-01
'unknown';2.150000;1.289045e+02;8.223006e-01;2.195111e-01
'unknown';2.160000;1.277401e+02;8.201928e-01;2.298775e-01
'unknown';2.170000;1.269845e+02;8.207769e-01;2.346395e-01
'unknown';2.180000;1.264861e+02;8.219020e-01;2.727618e-01
'unknown';2.190000;1.259722e+02;8.236524e-01;2.754275e-01
'unknown';2.200000;1.255393e+02;8.249379e-01;2.654455e-01
'unknown';2.210000;1.253133e+02;8.293332e-01;3.298866e-01
'unknown';2.220000;1.252685e+02;8.322406e-01;3.941052e-01
'unknown';2.230000;1.253067e+02;8.353741e-01;4.654388e-01
'unknown';2.240000;1.254150e+02;8.372024e-01;4.403408e-01
'unknown';2.250000;1.256468e+02;8.379683e-01;4.355621e-01
'unknown';2.260000;1.260216e+02;8.379990e-01;4.136342e-01
'unknown';2.270000;1.262596e+02;8.366904e-01;4.512043e-01
'unknown';2.280000;1.260442e+02;8.362961e-01;3.794938e-01
'unknown';2.290000;1.254089e+02;8.353335e-01;4.519002e-01
'unknown';2.300000;1.248243e+02;8.357828e-01;3.100630e-01
'unknown';2.310000;1.244858e+02;8.340061e-01;4.105017e-01
'unknown';2.320000;1.240718e+02;8.301862e-01;3.145826e-01
'unknown';2.330000;1.227638e+02;8.235345e-01;3.624624e-01
'unknown';2.340000;1.208971e+02;8.152290e-01;3.059453e-01
'unknown';2.350000;1.195584e+02;8.033316e-01;3.898759e-01
'unknown';2.360000;1.211938e+02;7.693961e-01;4.198844e-01
'unknown';2.370000;1.285408e+02;7.535963e-01;3.612204e-01
'unknown';2.380000;1.374542e+02;7.662941e-01;1.938404e-01
'unknown';2.390000;1.447378e+02;8.018004e-01;2.184175e-01
'unknown';2.400000;1.473350e+02;8.126784e-01;2.723253e-01
'unknown';2.410000;1.479467e+02;7.937180e-01;3.983668e-01
'unknown';2.420000;1.485639e+02;7.834949e-01;3.271256e-01
'unknown';2.430000;1.504411e+02;7.861370e-01;2.632197e-01
'unknown';2.440000;1.541290e+02;7.890101e-01;1.663238e-01
'unknown';2.450000;1.592549e+02;7.855060e-01;1.649189e-01
'unknown';2.460000;1.630081e+02;7.845055e-01;1.782074e-01
'unknown';2.470000;1.650688e+02;7.919063e-01;1.798041e-01
'unknown';2.480000;1.647568e+02;7.967587e-01;1.989432e-01
'unknown';2.490000;1.635116e+02;7.963793e-01;1.770124e-01
'unknown';2.500000;1.621183e+02;7.946523e-01;1.947223e-01
'unknown';2.510000;1.253704e+02;7.904986e-01;1.874729e-01
'unknown';2.520000;7.145079e+01;5.248850e-01;2.202214e-01
'unknown';2.530000;1.781381e+01;5.213678e-01;2.129883e-01
'unknown';2.540000;0;2.608027e-01;1.598678e-01
'unknown';2.550000;0;5.235350e-01;1.126061e-01
'unknown';2.560000;0;2.627323e-01;1.171009e-01
'unknown';2.570000;0;2.627323e-01;1.303844e-01
'unknown';2.580000;0;0;1.190803e-01
'unknown';2.590000;0;0;7.265646e-02
'unknown';2.600000;0;0;3.481200e-02
'unknown';2.610000;2.153986e+01;2.520601e-01;3.609617e-02
'unknown';2.620000;4.619486e+01;5.113533e-01;4.190789e-02
'unknown';2.630000;7.146116e+01;7.780139e-01;5.662576e-02
'unknown';2.640000;7.340858e+01;7.817633e-01;6.759296e-02
'unknown';2.650000;4.875358e+01;5.224701e-01;7.500789e-02
'unknown';2.660000;2.348728e+01;2.558095e-01;8.110992e-02
'unknown';2.670000;0;0;8.180780e-02
'unknown';2.680000;0;0;8.618978e-02
'unknown';2.690000;0;0;8.738577e-02
'unknown';2.700000;0;0;7.343326e-02
'unknown';2.710000;2.293261e+01;2.434265e-01;5.232537e-02
'unknown';2.720000;4.862538e+01;4.845346e-01;6.896641e-02
'unknown';2.730000;7.365234e+01;7.384839e-01;1.119199e-01
'unknown';2.740000;7.574670e+01;7.332347e-01;1.303080e-01
'unknown';2.750000;6.987352e+01;7.346206e-01;1.513076e-01
'unknown';2.760000;6.702023e+01;7.170024e-01;1.501033e-01
'unknown';2.770000;7.589860e+01;7.243974e-01;1.308484e-01
'unknown';2.780000;1.209043e+02;7.586579e-01;1.052248e-01
'unknown';2.790000;1.630680e+02;8.116632e-01;6.381404e-02
'unknown';2.800000;1.927424e+02;8.587248e-01;1.236765e-01
'unknown';2.810000;1.904402e+02;8.747482e-01;1.559996e-01
'unknown';2.820000;1.878646e+02;8.777263e-01;2.644215e-01
'unknown';2.830000;1.854666e+02;8.784522e-01;2.704024e-01
'unknown';2.840000;1.835234e+02;8.801522e-01;3.701482e-01
'unknown';2.850000;1.819035e+02;8.802080e-01;5.130157e-01
'unknown';2.860000;1.803258e+02;8.774425e-01;7.213106e-01
'unknown';2.870000;1.779222e+02;8.653325e-01;7.538713e-01
'unknown';2.880000;1.747193e+02;8.548405e-01;5.451970e-01
'unknown';2.890000;1.703269e+02;8.374332e-01;4.567297e-01
'unknown';2.900000;1.653400e+02;8.231084e-01;3.710422e-01
'unknown';2.910000;1.607702e+02;8.133487e-01;4.081542e-01
'unknown';2.920000;1.571462e+02;8.099713e-01;2.486938e-01
'unknown';2.930000;1.552153e+02;8.132582e-01;2.697145e-01
'unknown';2.940000;1.537731e+02;8.202940e-01;1.882486e-01
'unknown';2.950000;1.524732e+02;8.327828e-01;2.055217e-01
'unknown';2.960000;1.509705e+02;8.452638e-01;1.860724e-01
'unknown';2.970000;1.491261e+02;8.493292e-01;2.276936e-01
'unknown';2.980000;1.473367e+02;8.501598e-01;2.833618e-01
'unknown';2.990000;1.457618e+02;8.496087e-01;2.620696e-01
'unknown';3.000000;1.445923e+02;8.489167e-01;3.015879e-01
'unknown';3.010000;1.438616e+02;8.459582e-01;3.556291e-01
'unknown';3.020000;1.434068e+02;8.397400e-01;3.922780e-01
'unknown';3.030000;1.430137e+02;8.275547e-01;4.183461e-01
'unknown';3.040000;1.424653e+02;8.178945e-01;3.711539e-01
'unknown';3.050000;1.415100e+02;8.114101e-01;3.366195e-01
'unknown';3.060000;1.409558e+02;8.138676e-01;2.589076e-01
'unknown';3.070000;1.407836e+02;8.159642e-01;2.234681e-01
'unknown';3.080000;1.410671e+02;8.164275e-01;2.200014e-01
'unknown';3.090000;1.415040e+02;7.966424e-01;2.399517e-01
'unknown';3.100000;1.371308e+02;7.762272e-01;2.685423e-01
'unknown';3.110000;1.327501e+02;7.690144e-01;2.190114e-01
'unknown';3.120000;1.297645e+02;7.773255e-01;1.918162e-01
'unknown';3.130000;1.308705e+02;7.926974e-01;1.095252e-01
'unknown';3.140000;1.316616e+02;7.976613e-01;1.316639e-01
'unknown';3.150000;1.303391e+02;8.114319e-01;1.725255e-01
'unknown';3.160000;1.293921e+02;8.224422e-01;2.090505e-01
'unknown';3.170000;1.284366e+02;8.318396e-01;2.646672e-01
'unknown';3.180000;1.273786e+02;8.348662e-01;2.166763e-01
'unknown';3.190000;1.260396e+02;8.314037e-01;1.905111e-01
'unknown';3.200000;1.245349e+02;8.269618e-01;1.159037e-01
'unknown';3.210000;1.232251e+02;8.258939e-01;2.173372e-01
'unknown';3.220000;1.224223e+02;8.246157e-01;2.334411e-01
'unknown';3.230000;1.222364e+02;8.221669e-01;2.684810e-01
'unknown';3.240000;1.225466e+02;8.132629e-01;2.375729e-01
'unknown';3.250000;1.231288e+02;8.109897e-01;3.024420e-01
'unknown';3.260000;1.238789e+02;8.128070e-01;2.493338e-01
'unknown';3.270000;1.245728e+02;8.228841e-01;2.744876e-01
'unknown';3.280000;1.250743e+02;8.311093e-01;2.135061e-01
'unknown';3.290000;1.252710e+02;8.380125e-01;3.311090e-01
'unknown';3.300000;1.252740e+02;8.378960e-01;3.309264e-01
'unknown';3.310000;1.251478e+02;8.327429e-01;4.209849e-01
'unknown';3.320000;1.249211e+02;8.261517e-01;3.674932e-01
'unknown';3.330000;1.246382e+02;8.210536e-01;3.844682e-01
'unknown';3.340000;1.245349e+02;8.215280e-01;3.448450e-01
'unknown';3.350000;1.249153e+02;8.233767e-01;3.776225e-01
'unknown';3.360000;1.259866e+02;8.185083e-01;3.049899e-01
'unknown';3.370000;1.278785e+02;8.048989e-01;2.967196e-01
'unknown';3.380000;8.595929e+01;5.296424e-01;2.542914e-01
'unknown';3.390000;4.343712e+01;2.614973e-01;2.745752e-01
'unknown';3.400000;0;0;2.252761e-01
'unknown';3.410000;0;2.611852e-01;1.929255e-01
'unknown';3.420000;0;2.611852e-01;1.207341e-01
'unknown';3.430000;0;2.611852e-01;1.006052e-01
'unknown';3.440000;0;0;9.109650e-02
'unknown';3.450000;0;0;9.265935e-02
'unknown';3.460000;0;0;8.806864e-02
'unknown';3.470000;0;0;1.050675e-01
'unknown';3.480000;0;0;1.222962e-01
'unknown';3.490000;0;0;9.943543e-02
'unknown';3.500000;0;0;5.377299e-02
'unknown';3.510000;0;0;2.842925e-02
'unknown';3.520000;0;0;3.842386e-02
'unknown';3.530000;0;0;2.703544e-02
'unknown';3.540000;0;0;3.806341e-02
'unknown';3.550000;0;0;3.993706e-02
'unknown';3.560000;0;0;4.886617e-02
'unknown';3.570000;0;0;3.783821e-02
'unknown';3.580000;0;0;3.854807e-02
'unknown';3.590000;2.298062e+01;2.605622e-01;5.133997e-02
'unknown';3.600000;4.594930e+01;5.162421e-01;6.733409e-02
'unknown';3.610000;4.594930e+01;5.162421e-01;7.387262e-02
'unknown';3.620000;2.296868e+01;2.556799e-01;7.075945e-02
'unknown';3.630000;2.776522e+01;2.578286e-01;7.026461e-02
'unknown';3.640000;5.313728e+01;5.069911e-01;5.338407e-02
'unknown';3.650000;7.866991e+01;7.635052e-01;4.370534e-02
'unknown';3.660000;7.824333e+01;7.677564e-01;2.443026e-02
'unknown';3.670000;7.809005e+01;7.754130e-01;3.098206e-02
'unknown';3.680000;7.388805e+01;7.794666e-01;4.194495e-02
'unknown';3.690000;4.654940e+01;5.173867e-01;4.346724e-02
'unknown';3.700000;2.133062e+01;2.605676e-01;4.654758e-02
'unknown';3.710000;0;0;5.385229e-02
'unknown';3.720000;0;0;8.855738e-02
'unknown';3.730000;0;2.601902e-01;1.015415e-01
'unknown';3.740000;0;2.601902e-01;9.054891e-02
'unknown';3.750000;0;5.307080e-01;4.539241e-02
'unknown';3.760000;0;2.705179e-01;4.157492e-02
'unknown';3.770000;0;2.705179e-01;4.679421e-02
'unknown';3.780000;0;0;6.151209e-02
'unknown';3.790000;0;0;6.177822e-02
'unknown';3.800000;0;0;7.372459e-02
'unknown';3.810000;0;0;7.171164e-02
'unknown';3.820000;2.602091e+01;2.646619e-01;6.658847e-02
'unknown';3.830000;4.810741e+01;5.234087e-01;7.085816e-02
'unknown';3.840000;4.810741e+01;5.234087e-01;7.866696e-02
'unknown';3.850000;4.541769e+01;5.077004e-01;8.075110e-02
'unknown';3.860000;5.020833e+01;5.031245e-01;6.927528e-02
'unknown';3.870000;5.020833e+01;5.031245e-01;7.221413e-02
'unknown';3.880000;2.687714e+01;2.541709e-01;6.355234e-02
'unknown';3.890000;6.093467e+01;2.584247e-01;5.248718e-02
'unknown';3.900000;1.227602e+02;5.380102e-01;3.560663e-02
'unknown';3.910000;1.854410e+02;8.217120e-01;4.397871e-02
'unknown';3.920000;1.880635e+02;8.545220e-01;6.202703e-02
'unknown';3.930000;1.904238e+02;8.669874e-01;1.388248e-01
'unknown';3.940000;1.921779e+02;8.745577e-01;1.925397e-01
'unknown';3.950000;1.932216e+02;8.720550e-01;2.624024e-01
'unknown';3.960000;1.939491e+02;8.667021e-01;2.927953e-01
'unknown';3.970000;1.944340e+02;8.557310e-01;2.452245e-01
'unknown';3.980000;1.942399e+02;8.381639e-01;3.006432e-01
'unknown';3.990000;1.942286e+02;8.092463e-01;3.157925e-01
'unknown';4.000000;1.946187e+02;7.759228e-01;3.410582e-01
'unknown';4.010000;1.302119e+02;7.336454e-01;2.202694e-01
'unknown';4.020000;6.531004e+01;6.943943e-01;1.712970e-01
'unknown';4.030000;0;6.609674e-01;1.603285e-01
'unknown';4.040000;0;6.313685e-01;1.896061e-01
'unknown';4.050000;0;4.128394e-01;2.243109e-01
'unknown';4.060000;0;4.249249e-01;2.533954e-01
'unknown';4.070000;0;2.256362e-01;2.245268e-01
'unknown';4.080000;5.401416e+01;4.730533e-01;1.613002e-01
'unknown';4.090000;1.041609e+02;5.011417e-01;1.232790e-01
'unknown';4.100000;1.529536e+02;7.751422e-01;1.285433e-01
'unknown';4.110000;1.466268e+02;8.014436e-01;1.258270e-01
'unknown';4.120000;1.434095e+02;8.230227e-01;1.605964e-01
'unknown';4.130000;1.414204e+02;8.264232e-01;2.046963e-01
'unknown';4.140000;1.407715e+02;8.306254e-01;2.461882e-01
'unknown';4.150000;1.412739e+02;8.342555e-01;2.105289e-01
'unknown';4.160000;1.421253e+02;8.367760e-01;2.229448e-01
'unknown';4.170000;1.427309e+02;8.353078e-01;2.188703e-01
'unknown';4.180000;1.428570e+02;8.320916e-01;2.577814e-01
'unknown';4.190000;1.428008e+02;8.245935e-01;2.173066e-01
'unknown';4.200000;9.515685e+01;5.481411e-01;2.509353e-01
'unknown';4.210000;4.759885e+01;2.724234e-01;2.871702e-01
'unknown';4.220000;0;0;2.539800e-01
'unknown';4.230000;0;0;1.376322e-01
'unknown';4.240000;0;0;5.439611e-02
'unknown';4.250000;0;0;6.788918e-02
'unknown';4.260000;0;0;7.632764e-02
'unknown';4.270000;0;2.305389e-01;5.583074e-02
'unknown';4.280000;0;4.517475e-01;6.907810e-02
'unknown';4.290000;0;6.834537e-01;1.081557e-01
'unknown';4.300000;0;6.903751e-01;1.438718e-01
'unknown';4.310000;0;6.831789e-01;1.573237e-01
'unknown';4.320000;0;6.862113e-01;1.671156e-01
'unknown';4.330000;0;4.487511e-01;1.397685e-01
'unknown';4.340000;4.592907e+01;4.904703e-01;1.152119e-01
'unknown';4.350000;9.001650e+01;5.254039e-01;7.710229e-02
'unknown';4.360000;1.332071e+02;7.987840e-01;1.586572e-01
'unknown';4.370000;1.298856e+02;8.211983e-01;2.056680e-01
'unknown';4.380000;1.279825e+02;8.311083e-01;3.023423e-01
'unknown';4.390000;1.267753e+02;8.371374e-01;2.246441e-01
'unknown';4.400000;1.260836e+02;8.366158e-01;2.205257e-01
'unknown';4.410000;1.255837e+02;8.293357e-01;2.133382e-01
'unknown';4.420000;1.247324e+02;8.215572e-01;3.209310e-01
'unknown';4.430000;1.234522e+02;8.099513e-01;3.408147e-01
'unknown';4.440000;8.176778e+01;5.376492e-01;3.140184e-01
'unknown';4.450000;6.160109e+01;5.254322e-01;2.802863e-01
'unknown';4.460000;4.163007e+01;5.224605e-01;2.159593e-01
'unknown';4.470000;6.214216e+01;7.758541e-01;1.724705e-01
'unknown';4.480000;4.117668e+01;5.164403e-01;1.446762e-01
'unknown';4.490000;2.051209e+01;2.533936e-01;1.531288e-01
'unknown';4.500000;1.845394e+01;2.611001e-01;1.268022e-01
'unknown';4.510000;3.626876e+01;5.273739e-01;7.811029e-02
'unknown';4.520000;3.626876e+01;5.273739e-01;4.168558e-02
'unknown';4.530000;1.781482e+01;2.662737e-01;3.974666e-02
'unknown';4.540000;0;0;5.475493e-02
'unknown';4.550000;0;2.293477e-01;5.601235e-02
'unknown';4.560000;0;4.745541e-01;4.763116e-02
'unknown';4.570000;0;7.068672e-01;5.774572e-02
'unknown';4.580000;0;7.061648e-01;9.133988e-02
'unknown';4.590000;0;4.609584e-01;1.034487e-01
'unknown';4.600000;0;2.286453e-01;7.709468e-02
'unknown';4.610000;0;0;4.922359e-02
'unknown';4.620000;0;0;4.089110e-02
'unknown';4.630000;0;0;7.654084e-02
'unknown';4.640000;0;0;1.070153e-01
'unknown';4.650000;0;0;1.279981e-01
'unknown';4.660000;0;0;1.116601e-01
'unknown';4.670000;0;0;8.182066e-02
'unknown';4.680000;0;0;7.180068e-02
'unknown';4.690000;0;0;5.871832e-02
'unknown';4.700000;0;0;5.354419e-02
'unknown';4.710000;0;0;4.592878e-02
'unknown';4.720000;0;0;3.792108e-02
'unknown';4.730000;1.852840e+01;2.634536e-01;2.753912e-02
'unknown';4.740000;3.797186e+01;5.272954e-01;1.750542e-02
'unknown';4.750000;5.702562e+01;7.933989e-01;2.129669e-02
'unknown';4.760000;5.782050e+01;7.954397e-01;3.205932e-02
'unknown';4.770000;5.784663e+01;7.986679e-01;5.545332e-02
'unknown';4.780000;5.869763e+01;7.992852e-01;7.159464e-02
'unknown';4.790000;6.101587e+01;8.027254e-01;7.880422e-02
'unknown';4.800000;4.154628e+01;5.356554e-01;6.670135e-02
'unknown';4.810000;4.067212e+01;5.341038e-01;4.896597e-02
'unknown';4.820000;3.812671e+01;5.303040e-01;5.066885e-02
'unknown';4.830000;3.812671e+01;5.303040e-01;5.574268e-02
'unknown';4.840000;1.909611e+01;2.651348e-01;5.953289e-02
'unknown';4.850000;0;0;5.412971e-02
'unknown';4.860000;0;0;4.548320e-02
'unknown';4.870000;0;2.577978e-01;3.995758e-02
'unknown';4.880000;0;2.577978e-01;2.855861e-02
'unknown';4.890000;0;2.577978e-01;4.031830e-02
'unknown';4.900000;0;0;5.713409e-02
'unknown';4.910000;0;0;7.164624e-02
'unknown';4.920000;0;0;6.885952e-02
'unknown';4.930000;0;0;5.249337e-02
'unknown';4.940000;0;2.536941e-01;5.219582e-02
'unknown';4.950000;0;2.536941e-01;5.498253e-02
'unknown';4.960000;0;5.232933e-01;6.602959e-02
'unknown';4.970000;0;2.695991e-01;8.524621e-02
'unknown';4.980000;0;2.695991e-01;9.147980e-02
'unknown';4.990000;0;2.490965e-01;1.045670e-01
'unknown';5.000000;0;2.490965e-01;7.531535e-02
'unknown';5.010000;1.832664e+01;5.133280e-01;5.963734e-02
'unknown';5.020000;4.090722e+01;5.258908e-01;5.813511e-02
'unknown';5.030000;4.090722e+01;5.258908e-01;6.817016e-02
'unknown';5.040000;4.116715e+01;5.308673e-01;6.982963e-02
'unknown';5.050000;3.662078e+01;5.405452e-01;5.708053e-02
'unknown';5.060000;5.435261e+01;8.140638e-01;6.532912e-02
'unknown';5.070000;3.576604e+01;5.448558e-01;8.178112e-02
'unknown';5.080000;1.773183e+01;2.735187e-01;8.851244e-02
'unknown';5.090000;0;0;8.394315e-02
'unknown';5.100000;0;0;6.539314e-02
'unknown';5.110000;0;0;5.087687e-02
'unknown';5.120000;0;0;3.670073e-02
'unknown';5.130000;0;0;3.482400e-02
'unknown';5.140000;1.870783e+01;2.691559e-01;5.127599e-02
'unknown';5.150000;3.701885e+01;5.393563e-01;4.259228e-02
'unknown';5.160000;3.701885e+01;5.393563e-01;5.522880e-02
'unknown';5.170000;1.831102e+01;2.702005e-01;3.529215e-02
'unknown';5.180000;0;0;5.447271e-02
'unknown';5.190000;0;0;4.371291e-02
'unknown';5.200000;0;0;5.017555e-02
'unknown';5.210000;0;0;4.059016e-02
'unknown';5.220000;0;0;6.720697e-02
'unknown';5.230000;0;0;8.410574e-02
'unknown';5.240000;0;0;9.655469e-02
'unknown';5.250000;0;0;7.122364e-02
'unknown';5.260000;0;0;5.011576e-02
'unknown';5.270000;0;0;3.171977e-02
'unknown';5.280000;0;0;3.620051e-02
'unknown';5.290000;0;0;5.482120e-02
'unknown';5.300000;0;0;8.615758e-02
'unknown';5.310000;0;0;9.574973e-02
'unknown';5.320000;0;0;8.303195e-02
'unknown';5.330000;0;0;5.576588e-02
'unknown';5.340000;0;0;4.289969e-02
'unknown';5.350000;0;0;5.323618e-02
'unknown';5.360000;0;0;7.246310e-02
'unknown';5.370000;0;0;9.172437e-02
'unknown';5.380000;0;0;7.461811e-02
'unknown';5.390000;0;0;4.542987e-02
'unknown';5.400000;0;2.751272e-01;1.772908e-02
'unknown';5.410000;0;2.751272e-01;2.022154e-02
'unknown';5.420000;0;2.751272e-01;3.334538e-02
'unknown';5.430000;0;0;5.062436e-02
'unknown';5.440000;0;0;5.946384e-02
'unknown';5.450000;0;0;6.143856e-02
'unknown';5.460000;0;0;6.597207e-02
'unknown';5.470000;0;0;6.653496e-02
'unknown';5.480000;0;2.603217e-01;7.964060e-02
'unknown';5.490000;0;2.603217e-01;6.703565e-02
'unknown';5.500000;0;2.603217e-01;5.469117e-02
'unknown';5.510000;0;0;4.232832e-02
'unknown';5.520000;0;0;4.307114e-02
'unknown';5.530000;0;0;6.087096e-02
'unknown';5.540000;0;0;7.971696e-02
'unknown';5.550000;0;0;7.615220e-02
'unknown';5.560000;0;0;4.920684e-02
'unknown';5.570000;0;2.568770e-01;4.197038e-02
'unknown';5.580000;0;2.568770e-01;6.171045e-02
'unknown';5.590000;0;2.568770e-01;9.171236e-02
'unknown';5.600000;1.966394e+01;2.630453e-01;7.738531e-02
'unknown';5.610000;3.715607e+01;5.329106e-01;6.228268e-02
'unknown';5.620000;3.715607e+01;5.329106e-01;4.274279e-02
'unknown';5.630000;1.749214e+01;2.698653e-01;3.854807e-02
'unknown';5.640000;0;0;3.302245e-02
'unknown';5.650000;0;0;4.876987e-02
'unknown';5.660000;0;0;5.122916e-02
'unknown';5.670000;0;0;5.604492e-02
'unknown';5.680000;0;0;3.540279e-02
'unknown';5.690000;0;2.625447e-01;4.092841e-02
'unknown';5.700000;0;2.625447e-01;4.732209e-02
'unknown';5.710000;0;2.625447e-01;5.422977e-02
'unknown';5.720000;0;0;5.559323e-02
'unknown';5.730000;0;0;4.080559e-02
'unknown';5.740000;0;0;5.694691e-02
'unknown';5.750000;0;0;6.858139e-02
'unknown';5.760000;0;0;7.871433e-02
'unknown';5.770000;0;0;6.013172e-02
'unknown';5.780000;0;0;3.361933e-02
'unknown';5.790000;0;0;3.428401e-02
'unknown';5.800000;0;0;2.716024e-02
'unknown';5.810000;0;0;4.236848e-02
'unknown';5.820000;0;8.182680e-02;4.365266e-02
'unknown';5.830000;0;8.182680e-02;5.901356e-02
'unknown';5.840000;0;8.182680e-02;5.901356e-02
'unknown';5.850000;0;0;5.459449e-02
'unknown';5.860000;0;2.671013e-01;5.580178e-02
'unknown';5.870000;0;2.671013e-01;4.989886e-02
'unknown';5.880000;0;2.671013e-01;4.989886e-02
'unknown';5.890000;0;0;2.817785e-02
'unknown';5.900000;0;0;2.268180e-02
'unknown';5.910000;0;0;2.192675e-02
'unknown';5.920000;0;0;4.835123e-02
'unknown';5.930000;0;0;7.816255e-02
'unknown';5.940000;0;0;8.881543e-02
'unknown';5.950000;0;2.740965e-01;6.896298e-02
'unknown';5.960000;0;2.740965e-01;5.055061e-02
'unknown';5.970000;0;2.740965e-01;3.989774e-02
'unknown';5.980000;0;0;6.394995e-02
'unknown';5.990000;0;0;9.247027e-02
'unknown';6.000000;0;0;1.191678e-01
'unknown';6.010000;0;0;1.322294e-01
'unknown';6.020000;0;0;1.096621e-01
'unknown';6.030000;0;0;9.493023e-02
'unknown';6.040000;0;0;6.263288e-02
'unknown';6.050000;0;0;5.463360e-02
'unknown';6.060000;2.356972e+01;2.587556e-01;6.599871e-02
'unknown';6.070000;4.707007e+01;5.100529e-01;6.894082e-02
'unknown';6.080000;4.707007e+01;5.100529e-01;6.376759e-02
'unknown';6.090000;2.350035e+01;2.512973e-01;5.027987e-02
'unknown';6.100000;0;0;6.105209e-02
'unknown';6.110000;0;2.736830e-01;7.167955e-02
'unknown';6.120000;0;2.736830e-01;6.637568e-02
'unknown';6.130000;0;5.429499e-01;6.178666e-02
'unknown';6.140000;0;2.692668e-01;5.289461e-02
'unknown';6.150000;0;2.692668e-01;4.456416e-02
'unknown';6.160000;0;0;4.577145e-02
'unknown';6.170000;0;0;4.403603e-02
'unknown';6.180000;0;0;5.037103e-02
'unknown';6.190000;0;0;3.522205e-02
'unknown';6.200000;0;0;3.611023e-02
'unknown';6.210000;0;0;4.285963e-02
'unknown';6.220000;2.329281e+01;2.603963e-01;4.673901e-02
'unknown';6.230000;4.731138e+01;5.229726e-01;5.102405e-02
'unknown';6.240000;7.457214e+01;7.647832e-01;4.721750e-02
'unknown';6.250000;5.127933e+01;5.043870e-01;5.332774e-02
'unknown';6.260000;1.108488e+02;5.013697e-01;4.622072e-02
'unknown';6.270000;1.698373e+02;5.390394e-01;3.829285e-02
'unknown';6.280000;2.575788e+02;8.258796e-01;3.757257e-02
'unknown';6.290000;2.619147e+02;8.514226e-01;4.395932e-02
'unknown';6.300000;2.633201e+02;8.456156e-01;1.128583e-01
'unknown';6.310000;2.709981e+02;8.266256e-01;1.494287e-01
'unknown';6.320000;2.800461e+02;8.238365e-01;1.957756e-01
'unknown';6.330000;2.912571e+02;8.288749e-01;1.728867e-01
'unknown';6.340000;2.982759e+02;8.487952e-01;1.958538e-01
'unknown';6.350000;3.056711e+02;8.585026e-01;1.939241e-01
'unknown';6.360000;3.131026e+02;8.733342e-01;2.643684e-01
'unknown';6.370000;3.183724e+02;8.815373e-01;2.579838e-01
'unknown';6.380000;3.227695e+02;8.880074e-01;3.612188e-01
'unknown';6.390000;3.258745e+02;8.953915e-01;3.749367e-01
'unknown';6.400000;3.279050e+02;9.012881e-01;4.496558e-01
'unknown';6.410000;3.291806e+02;9.028475e-01;4.495787e-01
'unknown';6.420000;3.313117e+02;8.864679e-01;4.504224e-01
'unknown';6.430000;3.313320e+02;8.716249e-01;4.254094e-01
'unknown';6.440000;3.306587e+02;8.525004e-01;2.899475e-01
'unknown';6.450000;3.228007e+02;8.439440e-01;2.029242e-01
'unknown';6.460000;3.162626e+02;8.421293e-01;1.452295e-01
'unknown';6.470000;3.095993e+02;8.534488e-01;1.790214e-01
'unknown';6.480000;3.076481e+02;8.726752e-01;1.741697e-01
'unknown';6.490000;3.048824e+02;8.820398e-01;1.814707e-01
'unknown';6.500000;3.021088e+02;8.850225e-01;2.216808e-01
'unknown';6.510000;2.999440e+02;8.843243e-01;2.524188e-01
'unknown';6.520000;2.989815e+02;8.892587e-01;2.827577e-01
'unknown';6.530000;2.986509e+02;8.935698e-01;2.843344e-01
'unknown';6.540000;2.986711e+02;8.991517e-01;2.675451e-01
'unknown';6.550000;2.984075e+02;8.971991e-01;2.594364e-01
'unknown';6.560000;2.976023e+02;8.916555e-01;2.682850e-01
'unknown';6.570000;2.960042e+02;8.807181e-01;2.610519e-01
'unknown';6.580000;2.955417e+02;8.709879e-01;2.142009e-01
'unknown';6.590000;2.955706e+02;8.630848e-01;2.396527e-01
'unknown';6.600000;2.943393e+02;8.562811e-01;2.102186e-01
'unknown';6.610000;2.949438e+02;8.310373e-01;2.321829e-01
'unknown';6.620000;2.957384e+02;7.913439e-01;1.298966e-01
'unknown';6.630000;2.186590e+02;7.532653e-01;1.125860e-01
'unknown';6.640000;1.391078e+02;7.340222e-01;8.416327e-02
'unknown';6.650000;1.323902e+02;7.323616e-01;7.398657e-02
'unknown';6.660000;2.076156e+02;7.656527e-01;8.849934e-02
'unknown';6.670000;2.863365e+02;8.161862e-01;8.259755e-02
'unknown';6.680000;2.928410e+02;8.682112e-01;1.182324e-01
'unknown';6.690000;2.982019e+02;8.898173e-01;1.849111e-01
'unknown';6.700000;3.002460e+02;8.974152e-01;2.248844e-01
'unknown';6.710000;3.013262e+02;9.051483e-01;2.596888e-01
'unknown';6.720000;3.015199e+02;9.104784e-01;3.388700e-01
'unknown';6.730000;3.014203e+02;9.135825e-01;4.589657e-01
'unknown';6.740000;3.013209e+02;9.134142e-01;5.100393e-01
'unknown';6.750000;3.009400e+02;9.107664e-01;4.728017e-01
'unknown';6.760000;3.000827e+02;9.071727e-01;3.914961e-01
'unknown';6.770000;2.989581e+02;9.034436e-01;3.163129e-01
'unknown';6.780000;2.978708e+02;9.037571e-01;2.444175e-01
'unknown';6.790000;2.965646e+02;9.045183e-01;2.405576e-01
'unknown';6.800000;2.947026e+02;9.048167e-01;2.812391e-01
'unknown';6.810000;2.924384e+02;9.025576e-01;3.476132e-01
'unknown';6.820000;2.902538e+02;8.978052e-01;2.790237e-01
'unknown';6.830000;2.893371e+02;8.783142e-01;3.375057e-01
'unknown';6.840000;3.705780e+02;8.577315e-01;2.765337e-01
'unknown';6.850000;4.543300e+02;8.391209e-01;4.510688e-01
'unknown';6.860000;5.441333e+02;8.371080e-01;3.751310e-01
'unknown';6.870000;5.534897e+02;8.160310e-01;4.738885e-01
'unknown';6.880000;3.966941e+02;7.842858e-01;3.614355e-01
'unknown';6.890000;2.321424e+02;7.548453e-01;3.438101e-01
'unknown';6.900000;6.447489e+01;7.467473e-01;2.192036e-01
'unknown';6.910000;6.105872e+01;7.477196e-01;1.445848e-01
'unknown';6.920000;3.932552e+01;4.977674e-01;1.269405e-01
'unknown';6.930000;1.967728e+01;2.476091e-01;1.033671e-01
'unknown';6.940000;0;0;9.373722e-02
'unknown';6.950000;0;0;6.941450e-02
'unknown';6.960000;0;2.128637e-01;8.095732e-02
'unknown';6.970000;8.390876e+01;4.466321e-01;9.772920e-02
'unknown';6.980000;1.716560e+02;7.222891e-01;7.284686e-02
'unknown';6.990000;2.601995e+02;8.018863e-01;6.030079e-02
'unknown';7.000000;2.659167e+02;8.682831e-01;7.061667e-02
'unknown';7.010000;2.690841e+02;8.883328e-01;1.440174e-01
'unknown';7.020000;2.749762e+02;8.818691e-01;1.831520e-01
'unknown';7.030000;2.816059e+02;8.736501e-01;2.470258e-01
'unknown';7.040000;2.898919e+02;8.674264e-01;2.092333e-01
'unknown';7.050000;2.949904e+02;8.679444e-01;2.499468e-01
'unknown';7.060000;2.956164e+02;8.579790e-01;2.946618e-01
'unknown';7.070000;2.959816e+02;8.572865e-01;3.668244e-01
'unknown';7.080000;2.952132e+02;8.612728e-01;3.553723e-01
'unknown';7.090000;2.965783e+02;8.709098e-01;2.711399e-01
'unknown';7.100000;2.936361e+02;8.727390e-01;2.279081e-01
'unknown';7.110000;2.904305e+02;8.650625e-01;1.975465e-01
'unknown';7.120000;2.815569e+02;8.544893e-01;1.886087e-01
'unknown';7.130000;2.723709e+02;8.410863e-01;1.752170e-01
'unknown';7.140000;2.609398e+02;8.333357e-01;2.103434e-01
'unknown';7.150000;2.529141e+02;8.255353e-01;1.902085e-01
'unknown';7.160000;2.441265e+02;8.259638e-01;1.308526e-01
'unknown';7.170000;2.374357e+02;8.342404e-01;1.228515e-01
'unknown';7.180000;2.324480e+02;8.408658e-01;1.920565e-01
'unknown';7.190000;2.283577e+02;8.325918e-01;2.935560e-01
'unknown';7.200000;2.232704e+02;8.192864e-01;3.728157e-01
'unknown';7.210000;2.185074e+02;8.148174e-01;4.355797e-01
'unknown';7.220000;2.148149e+02;8.231779e-01;3.928429e-01
'unknown';7.230000;2.122151e+02;8.364688e-01;3.137046e-01
'unknown';7.240000;2.095661e+02;8.399646e-01;2.215725e-01
'unknown';7.250000;2.755804e+02;8.437717e-01;1.842998e-01
'unknown';7.260000;3.419230e+02;8.380098e-01;2.745893e-01
'unknown';7.270000;4.086658e+02;8.174677e-01;3.463445e-01
'unknown';7.280000;2.959384e+02;7.808130e-01;3.924251e-01
'unknown';7.290000;1.839989e+02;7.503132e-01;2.539374e-01
'unknown';7.300000;7.186294e+01;7.376392e-01;1.243928e-01
'unknown';7.310000;6.628291e+01;7.299435e-01;7.688750e-02
'unknown';7.320000;6.101628e+01;7.252092e-01;6.757089e-02
'unknown';7.330000;3.746192e+01;4.795288e-01;8.060179e-02
'unknown';7.340000;1.888766e+01;2.423404e-01;8.868172e-02
'unknown';7.350000;0;0;8.158846e-02
'unknown';7.360000;0;0;8.181243e-02
'unknown';7.370000;0;0;8.181243e-02
'unknown';7.380000;0;0;9.296573e-02
'unknown';7.390000;0;0;7.453674e-02
'unknown';7.400000;0;2.233480e-01;7.905240e-02
'unknown';7.410000;0;2.233480e-01;1.049434e-01
'unknown';7.420000;0;2.233480e-01;1.344666e-01
'unknown';7.430000;0;0;1.297136e-01
'unknown';7.440000;0;0;1.010753e-01
'unknown';7.450000;0;0;9.152155e-02
'unknown';7.460000;0;0;9.384278e-02
'unknown';7.470000;1.871985e+01;2.559848e-01;8.797916e-02
'unknown';7.480000;3.790300e+01;5.060719e-01;6.421840e-02
'unknown';7.490000;3.790300e+01;5.060719e-01;5.764771e-02
'unknown';7.500000;1.918315e+01;4.747976e-01;6.649984e-02
'unknown';7.510000;0;4.509607e-01;7.317781e-02
'unknown';7.520000;0;6.951308e-01;7.317781e-02
'unknown';7.530000;0;4.704203e-01;8.114529e-02
'unknown';7.540000;2.269562e+01;4.950089e-01;7.974488e-02
'unknown';7.550000;4.536793e+01;5.107808e-01;5.817961e-02
'unknown';7.560000;4.536793e+01;5.107808e-01;2.393968e-02
'unknown';7.570000;2.267231e+01;2.599418e-01;3.256833e-02
'unknown';7.580000;0;0;4.479405e-02
'unknown';7.590000;0;0;5.533053e-02
'unknown';7.600000;0;0;5.769442e-02
'unknown';7.610000;0;0;5.297084e-02
'unknown';7.620000;1.947555e+01;2.540620e-01;4.684498e-02
'unknown';7.630000;4.200636e+01;4.951836e-01;2.910288e-02
'unknown';7.640000;4.200636e+01;7.276092e-01;2.865324e-02
'unknown';7.650000;2.253081e+01;6.995836e-01;3.268109e-02
'unknown';7.660000;0;6.962187e-01;3.978811e-02
'unknown';7.670000;0;6.901116e-01;4.496133e-02
'unknown';7.680000;5.946490e+01;7.202146e-01;5.876017e-02
'unknown';7.690000;1.209921e+02;7.495359e-01;1.007915e-01
'unknown';7.700000;1.847738e+02;7.886419e-01;8.938262e-02
'unknown';7.710000;1.899797e+02;8.066528e-01;1.634673e-01
'unknown';7.720000;1.934666e+02;8.128717e-01;1.688092e-01
'unknown';7.730000;1.944744e+02;8.097031e-01;2.222493e-01
'unknown';7.740000;1.940878e+02;7.829831e-01;1.387319e-01
'unknown';7.750000;1.932073e+02;7.458590e-01;1.241868e-01
'unknown';7.760000;1.284178e+02;4.836030e-01;1.009276e-01
'unknown';7.770000;6.413362e+01;2.361725e-01;1.070315e-01
'unknown';7.780000;0;0;6.485075e-02
'unknown';7.790000;0;0;5.568071e-02
'unknown';7.800000;0;0;5.568071e-02
'unknown';7.810000;0;0;7.303277e-02
'unknown';7.820000;7.450532e+01;2.459710e-01;9.092557e-02
'unknown';7.830000;1.489126e+02;5.285203e-01;1.197008e-01
'unknown';7.840000;2.225177e+02;8.229868e-01;1.210410e-01
'unknown';7.850000;2.210301e+02;8.740317e-01;1.076087e-01
'unknown';7.860000;2.195009e+02;8.887067e-01;1.227407e-01
'unknown';7.870000;2.191771e+02;8.906053e-01;2.422271e-01
'unknown';7.880000;2.217877e+02;8.839229e-01;2.469366e-01
'unknown';7.890000;2.265089e+02;8.834530e-01;2.639703e-01
'unknown';7.900000;2.315115e+02;8.836474e-01;1.703330e-01
'unknown';7.910000;2.342765e+02;8.887935e-01;2.349351e-01
'unknown';7.920000;2.350903e+02;8.816351e-01;2.321216e-01
'unknown';7.930000;2.349022e+02;8.699105e-01;3.074673e-01
'unknown';7.940000;2.347302e+02;8.364131e-01;3.460555e-01
'unknown';7.950000;2.353401e+02;8.060772e-01;2.828817e-01
'unknown';7.960000;2.355009e+02;7.677348e-01;2.104696e-01
'unknown';7.970000;1.808752e+02;7.489964e-01;1.028049e-01
'unknown';7.980000;1.243922e+02;7.349505e-01;1.223555e-01
'unknown';7.990000;6.842805e+01;7.331316e-01;1.017043e-01
'unknown';8.000000;4.483240e+01;4.898880e-01;1.078653e-01
'unknown';8.010000;4.315106e+01;4.924315e-01;1.055231e-01
'unknown';8.020000;4.183960e+01;5.042715e-01;7.149031e-02
'unknown';8.030000;6.265251e+01;7.599721e-01;3.962292e-02
'unknown';8.040000;6.258382e+01;7.726926e-01;2.566653e-02
'unknown';8.050000;6.197554e+01;7.798656e-01;6.452479e-02
'unknown';8.060000;6.173956e+01;7.827441e-01;1.037972e-01
'unknown';8.070000;6.127288e+01;7.727283e-01;1.150709e-01
'unknown';8.080000;7.359379e+01;7.594180e-01;9.703252e-02
'unknown';8.090000;1.198228e+02;7.597212e-01;1.002637e-01
'unknown';8.100000;1.693201e+02;7.668087e-01;8.836830e-02
'unknown';8.110000;2.094200e+02;7.729707e-01;9.265114e-02
'unknown';8.120000;2.175757e+02;7.819924e-01;5.811859e-02
'unknown';8.130000;2.234740e+02;8.004351e-01;5.780283e-02
'unknown';8.140000;2.268826e+02;8.177641e-01;6.308814e-02
'unknown';8.150000;2.284705e+02;8.302962e-01;7.690525e-02
'unknown';8.160000;2.294074e+02;8.377439e-01;1.225531e-01
'unknown';8.170000;2.295384e+02;8.403480e-01;1.434157e-01
'unknown';8.180000;1.703269e+02;8.059632e-01;1.378982e-01
'unknown';8.190000;1.110979e+02;7.772258e-01;1.350092e-01
'unknown';8.200000;3.476476e+01;5.007543e-01;1.495502e-01
'unknown';8.210000;1.742670e+01;2.547032e-01;1.685715e-01
'unknown';8.220000;0;0;1.288342e-01
'unknown';8.230000;0;0;6.737846e-02
'unknown';8.240000;0;0;3.963869e-02
'unknown';8.250000;0;0;3.288220e-02
'unknown';8.260000;0;0;7.406548e-02
'unknown';8.270000;0;0;9.517337e-02
'unknown';8.280000;0;0;9.659361e-02
'unknown';8.290000;0;0;7.424442e-02
'unknown';8.300000;0;0;6.606850e-02
'unknown';8.310000;0;0;7.023034e-02
'unknown';8.320000;0;0;5.976526e-02
'unknown';8.330000;0;0;4.251050e-02
'unknown';8.340000;0;0;3.692840e-02
'unknown';8.350000;0;0;3.561190e-02
'unknown';8.360000;0;0;5.417072e-02
'unknown';8.370000;1.783864e+01;2.593259e-01;6.289028e-02
'unknown';8.380000;3.517265e+01;5.141947e-01;9.574298e-02
'unknown';8.390000;1.036270e+02;7.706048e-01;1.273950e-01
'unknown';8.400000;1.528183e+02;7.799363e-01;1.146721e-01
'unknown';8.410000;2.008503e+02;7.912390e-01;1.187856e-01
'unknown';8.420000;1.968231e+02;7.861660e-01;1.066104e-01
'unknown';8.430000;1.507385e+02;7.696722e-01;1.575464e-01
'unknown';8.440000;1.031335e+02;7.615950e-01;1.297055e-01
'unknown';8.450000;5.629906e+01;7.699531e-01;1.164347e-01
'unknown';8.460000;1.598957e+02;7.760105e-01;1.052447e-01
'unknown';8.470000;2.686292e+02;7.877288e-01;1.382869e-01
'unknown';8.480000;3.801062e+02;8.059195e-01;1.240744e-01
'unknown';8.490000;3.864539e+02;8.273635e-01;9.891471e-02
'unknown';8.500000;3.927681e+02;8.321374e-01;1.324199e-01
'unknown';8.510000;3.329330e+02;8.232494e-01;1.488194e-01
'unknown';8.520000;2.728274e+02;8.033083e-01;2.662762e-01
'unknown';8.530000;1.400187e+02;5.287217e-01;2.746943e-01
'unknown';8.540000;7.078402e+01;2.597238e-01;2.695112e-01
'unknown';8.550000;0;0;1.904261e-01
'unknown';8.560000;0;0;1.410066e-01
'unknown';8.570000;0;0;1.367571e-01
'unknown';8.580000;0;2.559330e-01;1.089811e-01
'unknown';8.590000;0;2.559330e-01;8.493727e-02
'unknown';8.600000;0;2.559330e-01;8.724028e-02
'unknown';8.610000;0;0;6.249667e-02
'unknown';8.620000;0;0;4.563361e-02
'unknown';8.630000;0;0;2.739073e-02
'unknown';8.640000;6.579098e+01;2.558204e-01;2.944466e-02
'unknown';8.650000;8.749596e+01;5.048287e-01;5.045556e-02
'unknown';8.660000;8.749596e+01;5.048287e-01;7.452708e-02
'unknown';8.670000;2.170498e+01;2.490083e-01;8.713749e-02
'unknown';8.680000;0;0;9.715731e-02
'unknown';8.690000;0;0;1.111308e-01
'unknown';8.700000;0;0;1.056134e-01
'unknown';8.710000;0;0;9.559353e-02
'unknown';8.720000;0;0;5.098675e-02
'unknown';8.730000;0;0;4.226822e-02
'unknown';8.740000;0;0;2.838110e-02
'unknown';8.750000;0;0;5.699817e-02
'unknown';8.760000;0;0;4.862918e-02
'unknown';8.770000;0;0;6.354930e-02
'unknown';8.780000;0;0;3.586856e-02
'unknown';8.790000;0;0;6.332006e-02
'unknown';8.800000;0;0;5.813922e-02
'unknown';8.810000;7.346857e+01;2.569402e-01;7.697331e-02
'unknown';8.820000;1.463191e+02;5.232508e-01;7.720255e-02
'unknown';8.830000;2.185302e+02;7.890763e-01;6.356879e-02
'unknown';8.840000;2.803640e+02;7.884659e-01;1.265175e-01
'unknown';8.850000;3.415623e+02;7.893400e-01;1.378137e-01
'unknown';8.860000;4.073720e+02;7.938954e-01;1.600558e-01
'unknown';8.870000;4.318922e+02;7.814415e-01;1.659525e-01
'unknown';8.880000;4.614478e+02;7.529156e-01;2.256492e-01
'unknown';8.890000;3.412183e+02;7.262695e-01;2.142820e-01
'unknown';8.900000;1.992999e+02;7.231591e-01;2.313488e-01
'unknown';8.910000;5.572157e+01;7.226732e-01;1.909671e-01
'unknown';8.920000;3.793029e+01;7.097580e-01;1.981345e-01
'unknown';8.930000;2.002607e+01;6.977847e-01;1.266920e-01
'unknown';8.940000;0;6.851962e-01;9.562107e-02
'unknown';8.950000;5.794164e+01;6.964740e-01;8.352713e-02
'unknown';8.960000;1.172905e+02;7.194236e-01;1.308184e-01
'unknown';8.970000;1.788092e+02;7.631752e-01;1.777002e-01
'unknown';8.980000;1.820976e+02;7.897515e-01;2.619071e-01
'unknown';8.990000;1.831187e+02;8.122538e-01;2.551632e-01
'unknown';9.000000;1.818043e+02;8.233700e-01;2.129078e-01
'unknown';9.010000;1.807418e+02;8.381634e-01;1.351904e-01
'unknown';9.020000;1.805224e+02;8.482632e-01;7.494657e-02
'unknown';9.030000;1.802802e+02;8.474624e-01;1.111295e-01
'unknown';9.040000;1.791921e+02;8.425676e-01;1.733164e-01
'unknown';9.050000;1.780115e+02;8.343155e-01;2.518425e-01
'unknown';9.060000;1.766413e+02;8.346326e-01;3.259451e-01
'unknown';9.070000;1.757640e+02;8.309493e-01;2.813932e-01
'unknown';9.080000;1.747120e+02;8.242059e-01;2.237822e-01
'unknown';9.090000;1.741727e+02;7.956399e-01;1.892986e-01
'unknown';9.100000;1.380783e+02;7.699463e-01;2.262226e-01
'unknown';9.110000;8.016036e+01;5.005983e-01;2.229118e-01
'unknown';9.120000;2.210778e+01;2.491955e-01;1.696719e-01
'unknown';9.130000;0;0;1.602262e-01
'unknown';9.140000;0;0;1.825040e-01
'unknown';9.150000;0;0;1.555458e-01
'unknown';9.160000;0;2.530915e-01;9.854186e-02
'unknown';9.170000;0;2.530915e-01;9.027731e-02
'unknown';9.180000;6.049196e+01;5.074900e-01;7.709772e-02
'unknown';9.190000;1.216619e+02;5.227409e-01;8.837306e-02
'unknown';9.200000;1.833165e+02;7.943249e-01;3.881229e-02
'unknown';9.210000;1.847006e+02;8.184827e-01;4.393734e-02
'unknown';9.220000;1.857222e+02;8.295088e-01;8.852913e-02
'unknown';9.230000;2.508571e+02;8.400931e-01;1.068066e-01
'unknown';9.240000;3.156676e+02;8.402053e-01;1.233224e-01
'unknown';9.250000;3.152379e+02;8.281222e-01;9.211797e-02
'unknown';9.260000;2.473621e+02;8.158305e-01;1.967865e-01
'unknown';9.270000;1.808748e+02;7.995331e-01;2.484400e-01
'unknown';9.280000;1.753431e+02;7.897604e-01;2.257748e-01
'unknown';9.290000;1.717540e+02;7.820816e-01;1.749293e-01
'unknown';9.300000;1.664714e+02;7.916178e-01;1.232758e-01
'unknown';9.310000;1.648975e+02;8.098121e-01;1.942606e-01
'unknown';9.320000;1.641988e+02;8.264208e-01;2.022236e-01
'unknown';9.330000;1.643847e+02;8.290553e-01;2.138912e-01
'unknown';9.340000;1.654541e+02;8.302483e-01;2.230871e-01
'unknown';9.350000;1.670654e+02;8.289247e-01;1.986624e-01
'unknown';9.360000;1.684512e+02;8.355637e-01;2.311987e-01
'unknown';9.370000;1.692593e+02;8.419881e-01;1.820820e-01
'unknown';9.380000;1.694079e+02;8.494771e-01;1.604760e-01
'unknown';9.390000;1.689775e+02;8.515167e-01;1.185842e-01
'unknown';9.400000;1.685939e+02;8.489982e-01;1.480265e-01
'unknown';9.410000;1.689162e+02;8.370068e-01;1.593317e-01
'unknown';9.420000;1.701578e+02;8.174095e-01;1.552259e-01
'unknown';9.430000;1.711862e+02;7.969713e-01;1.350436e-01
'unknown';9.440000;1.144779e+02;5.239908e-01;1.359444e-01
'unknown';9.450000;8.561835e+01;5.072749e-01;1.313023e-01
'unknown';9.460000;5.655162e+01;4.991565e-01;1.140845e-01
'unknown';9.470000;8.445396e+01;7.509229e-01;1.098363e-01
'unknown';9.480000;5.601419e+01;5.040157e-01;1.260952e-01
'unknown';9.490000;2.790235e+01;2.517664e-01;1.260952e-01
'unknown';9.500000;0;0;1.174744e-01
'unknown';9.510000;0;0;9.085524e-02
'unknown';9.520000;2.513522e+01;2.609741e-01;8.502660e-02
'unknown';9.530000;5.023520e+01;5.221449e-01;7.308023e-02
'unknown';9.540000;7.046415e+01;7.807584e-01;8.643988e-02
'unknown';9.550000;6.267379e+01;7.897524e-01;6.769029e-02
'unknown';9.560000;3.757381e+01;5.285817e-01;7.346355e-02
'unknown';9.570000;1.734486e+01;2.699681e-01;6.485554e-02
'unknown';9.580000;0;0;8.649391e-02
'unknown';9.590000;0;0;1.003262e-01
'unknown';9.600000;0;2.353332e-01;1.097615e-01
'unknown';9.610000;0;4.621729e-01;8.455952e-02
'unknown';9.620000;6.718647e+01;7.081435e-01;5.746661e-02
'unknown';9.630000;1.368037e+02;7.500826e-01;8.008564e-02
'unknown';9.640000;2.067896e+02;8.109134e-01;9.470833e-02
'unknown';9.650000;2.094490e+02;8.563208e-01;1.962936e-01
'unknown';9.660000;2.095976e+02;8.695247e-01;2.481198e-01
'unknown';9.670000;2.095334e+02;8.687945e-01;3.202985e-01
'unknown';9.680000;2.095449e+02;8.556037e-01;2.739084e-01
'unknown';9.690000;2.116286e+02;8.432817e-01;2.687708e-01
'unknown';9.700000;2.116367e+02;8.335483e-01;2.636082e-01
'unknown';9.710000;2.107880e+02;8.271783e-01;2.943057e-01
'unknown';9.720000;2.159378e+02;8.154445e-01;3.430143e-01
'unknown';9.730000;2.239308e+02;8.141988e-01;4.294746e-01
'unknown';9.740000;2.344817e+02;8.219008e-01;4.132571e-01
'unknown';9.750000;2.381576e+02;8.384264e-01;3.643437e-01
'unknown';9.760000;2.415929e+02;8.464429e-01;2.916749e-01
'unknown';9.770000;2.437722e+02;8.454706e-01;2.845996e-01
'unknown';9.780000;2.426772e+02;8.219225e-01;2.779002e-01
'unknown';9.790000;2.319798e+02;7.857984e-01;2.322176e-01
'unknown';9.800000;2.212075e+02;7.616889e-01;2.388096e-01
'unknown';9.810000;1.639355e+02;7.505143e-01;2.128458e-01
'unknown';9.820000;9.327500e+01;5.026608e-01;1.878313e-01
'unknown';9.830000;2.230836e+01;2.482235e-01;1.493121e-01
'unknown';9.840000;0;0;1.138899e-01
'unknown';9.850000;0;0;9.107589e-02
'unknown';9.860000;0;0;5.830518e-02
'unknown';9.870000;0;0;5.143569e-02
'unknown';9.880000;6.893073e+01;2.657028e-01;7.207782e-02
'unknown';9.890000;1.360595e+02;5.247241e-01;8.312488e-02
'unknown';9.900000;2.025776e+02;7.922180e-01;7.534847e-02
'unknown';9.910000;1.984349e+02;7.990031e-01;1.774276e-01
'unknown';9.920000;1.940679e+02;8.154153e-01;2.201926e-01
'unknown';9.930000;1.892617e+02;8.308908e-01;3.989473e-01
'unknown';9.940000;1.852558e+02;8.412687e-01;3.558286e-01
'unknown';9.950000;1.825909e+02;8.480089e-01;3.173753e-01
'unknown';9.960000;1.805392e+02;8.461905e-01;2.502715e-01
'unknown';9.970000;1.790594e+02;8.467441e-01;2.127604e-01
'unknown';9.980000;1.781697e+02;8.512938e-01;3.014735e-01
'unknown';9.990000;1.780171e+02;8.575106e-01;2.145128e-01
'unknown';10.000000;1.786664e+02;8.604926e-01;2.677256e-01
'unknown';10.010000;1.800826e+02;8.585181e-01;2.605946e-01
'unknown';10.020000;1.821923e+02;8.530240e-01;2.472270e-01
'unknown';10.030000;1.853444e+02;8.465867e-01;1.540739e-01
'unknown';10.040000;1.890116e+02;8.415823e-01;9.654570e-02
'unknown';10.050000;1.925068e+02;8.412820e-01;1.756606e-01
'unknown';10.060000;1.952831e+02;8.431835e-01;2.612889e-01
'unknown';10.070000;1.984349e+02;8.436503e-01;2.562771e-01
'unknown';10.080000;2.017352e+02;8.402398e-01;2.953226e-01
'unknown';10.090000;2.035814e+02;8.309228e-01;3.062702e-01
'unknown';10.100000;2.041454e+02;8.021157e-01;3.156702e-01
'unknown';10.110000;2.101642e+02;7.763146e-01;2.615755e-01
'unknown';10.120000;2.206824e+02;7.598707e-01;1.922657e-01
'unknown';10.130000;2.323280e+02;7.735972e-01;1.808680e-01
'unknown';10.140000;2.430397e+02;7.896162e-01;1.113805e-01
'unknown';10.150000;2.529028e+02;7.983547e-01;1.575229e-01
'unknown';10.160000;2.651826e+02;7.876170e-01;1.715685e-01
'unknown';10.170000;2.782094e+02;7.743387e-01;2.443510e-01
'unknown';10.180000;2.882720e+02;7.647820e-01;1.884321e-01
'unknown';10.190000;1.963403e+02;5.103888e-01;2.066813e-01
'unknown';10.200000;9.817016e+01;2.552866e-01;1.528608e-01
'unknown';10.210000;0;0;1.732415e-01
'unknown';10.220000;0;0;1.094105e-01
'unknown';10.230000;0;0;6.946562e-02
'unknown';10.240000;0;0;5.178468e-02
'unknown';10.250000;2.488738e+01;2.564653e-01;6.678328e-02
'unknown';10.260000;5.031433e+01;5.205511e-01;6.969222e-02
'unknown';10.270000;7.564863e+01;7.786984e-01;5.680318e-02
'unknown';10.280000;7.578168e+01;7.826336e-01;6.528319e-02
'unknown';10.290000;7.534461e+01;7.873510e-01;8.856430e-02
'unknown';10.300000;7.486944e+01;7.978697e-01;1.028598e-01
'unknown';10.310000;7.432687e+01;8.014374e-01;1.071209e-01
'unknown';10.320000;4.933699e+01;5.326343e-01;1.007008e-01
'unknown';10.330000;2.447787e+01;2.639682e-01;1.117044e-01
'unknown';10.340000;0;0;1.115084e-01
'unknown';10.350000;0;0;9.173848e-02
'unknown';10.360000;2.155156e+01;2.547866e-01;5.142068e-02
'unknown';10.370000;4.379277e+01;5.130307e-01;5.559720e-02
'unknown';10.380000;4.379277e+01;5.130307e-01;5.759469e-02
'unknown';10.390000;2.224121e+01;2.582441e-01;9.195524e-02
'unknown';10.400000;0;0;5.342108e-02
'unknown';10.410000;6.909502e+01;2.638066e-01;6.110231e-02
'unknown';10.420000;1.403606e+02;5.375982e-01;4.070302e-02
'unknown';10.430000;2.150899e+02;8.149877e-01;1.325908e-01
'unknown';10.440000;2.236517e+02;8.227637e-01;1.921699e-01
'unknown';10.450000;1.887614e+02;7.947707e-01;2.682072e-01
'unknown';10.460000;1.504073e+02;7.664580e-01;2.547611e-01
'unknown';10.470000;1.854386e+02;7.604020e-01;2.561402e-01
'unknown';10.480000;2.761617e+02;7.872031e-01;2.601486e-01
'unknown';10.490000;3.765580e+02;8.245823e-01;3.241031e-01
'unknown';10.500000;4.084791e+02;8.535367e-01;3.931533e-01
'unknown';10.510000;4.329256e+02;8.778927e-01;3.618426e-01
'unknown';10.520000;4.512741e+02;8.921074e-01;3.042063e-01
'unknown';10.530000;4.624930e+02;9.032226e-01;2.945442e-01
'unknown';10.540000;4.659358e+02;9.090493e-01;3.727293e-01
'unknown';10.550000;4.594405e+02;9.086691e-01;4.185248e-01
'unknown';10.560000;4.475477e+02;9.020894e-01;3.669835e-01
'unknown';10.570000;4.326709e+02;8.935971e-01;3.744394e-01
'unknown';10.580000;4.121195e+02;8.591022e-01;4.748275e-01
'unknown';10.590000;3.790814e+02;8.172172e-01;6.957110e-01
'unknown';10.600000;2.702514e+02;7.614487e-01;7.758284e-01
'unknown';10.610000;1.421779e+02;7.229645e-01;7.870958e-01
'unknown';10.620000;3.128083e+01;6.942759e-01;7.379511e-01
'unknown';10.630000;0;6.871412e-01;7.071328e-01
'unknown';10.640000;4.978488e+01;7.301673e-01;6.057487e-01
'unknown';10.650000;9.835107e+01;7.795975e-01;4.892995e-01
'unknown';10.660000;1.458644e+02;8.250323e-01;4.368004e-01
'unknown';10.670000;1.426789e+02;8.268340e-01;3.044130e-01
'unknown';10.680000;1.407352e+02;7.993980e-01;3.566246e-01
'unknown';10.690000;1.146847e+02;7.618470e-01;2.835848e-01
'unknown';10.700000;8.700472e+01;7.337880e-01;3.483207e-01
'unknown';10.710000;6.112468e+01;7.279928e-01;2.652929e-01
'unknown';10.720000;3.966199e+01;4.887220e-01;2.132607e-01
'unknown';10.730000;2.074252e+01;2.446419e-01;1.807903e-01
'unknown';10.740000;0;0;8.074215e-02
'unknown';10.750000;0;0;1.023054e-01
'unknown';10.760000;0;2.211712e-01;7.262349e-02
'unknown';10.770000;0;4.462959e-01;6.859564e-02
'unknown';10.780000;0;4.462959e-01;8.909073e-02
'unknown';10.790000;0;2.251248e-01;1.126214e-01
'unknown';10.800000;8.101131e+01;2.611249e-01;1.227543e-01
'unknown';10.810000;1.612414e+02;5.453288e-01;6.931444e-02
'unknown';10.820000;2.418361e+02;8.325956e-01;5.232232e-02
'unknown';10.830000;2.425584e+02;8.649645e-01;7.917102e-02
'unknown';10.840000;2.459506e+02;8.749384e-01;2.175991e-01
'unknown';10.850000;2.508346e+02;8.827071e-01;3.069241e-01
'unknown';10.860000;2.582118e+02;8.852860e-01;3.558344e-01
'unknown';10.870000;2.647657e+02;8.879528e-01;4.585320e-01
'unknown';10.880000;2.693975e+02;8.874002e-01;4.828090e-01
'unknown';10.890000;2.694740e+02;8.799712e-01;5.094228e-01
'unknown';10.900000;2.673967e+02;8.498150e-01;4.825684e-01
'unknown';10.910000;2.571386e+02;8.147821e-01;4.349020e-01
'unknown';10.920000;2.463610e+02;7.962897e-01;3.721024e-01
'unknown';10.930000;2.351717e+02;8.042039e-01;2.076121e-01
'unknown';10.940000;2.298820e+02;8.196244e-01;1.658802e-01
'unknown';10.950000;2.234224e+02;8.269774e-01;1.380359e-01
'unknown';10.960000;2.141025e+02;8.187507e-01;1.766204e-01
'unknown';10.970000;2.022984e+02;8.046072e-01;2.475689e-01
'unknown';10.980000;1.877654e+02;7.925992e-01;2.297349e-01
'unknown';10.990000;1.738221e+02;7.904766e-01;1.603548e-01
'unknown';11.000000;1.621053e+02;7.972922e-01;1.145141e-01
'unknown';11.010000;1.536209e+02;7.973116e-01;2.409414e-01
'unknown';11.020000;1.468099e+02;7.992060e-01;2.967929e-01
'unknown';11.030000;1.411086e+02;8.030431e-01;2.991489e-01
'unknown';11.040000;1.365072e+02;8.067119e-01;2.131305e-01
'unknown';11.050000;1.327905e+02;8.085265e-01;2.749949e-01
'unknown';11.060000;1.298128e+02;8.079309e-01;3.058981e-01
'unknown';11.070000;1.272631e+02;8.048537e-01;3.433850e-01
'unknown';11.080000;1.254254e+02;8.048379e-01;2.491506e-01
'unknown';11.090000;1.236988e+02;7.988019e-01;2.036854e-01
'unknown';11.100000;1.220652e+02;8.002596e-01;1.843076e-01
'unknown';11.110000;1.203802e+02;7.995238e-01;2.562691e-01
'unknown';11.120000;7.974410e+01;5.347757e-01;2.553675e-01
'unknown';11.130000;3.959607e+01;2.672106e-01;3.024663e-01
'unknown';11.140000;0;0;1.906453e-01
'unknown';11.150000;0;0;1.627763e-01
'unknown';11.160000;0;0;1.017476e-01
'unknown';11.170000;1.872418e+01;2.622302e-01;1.309632e-01
'unknown';11.180000;3.763578e+01;5.161002e-01;1.464804e-01
'unknown';11.190000;5.959596e+01;7.783508e-01;1.227522e-01
'unknown';11.200000;4.087178e+01;5.161206e-01;1.069435e-01
'unknown';11.210000;2.196017e+01;2.622507e-01;1.051581e-01
'unknown';11.220000;0;0;1.016484e-01
'unknown';11.230000;0;0;1.235814e-01
'unknown';11.240000;0;2.641564e-01;1.150824e-01
'unknown';11.250000;0;2.641564e-01;9.178521e-02
'unknown';11.260000;0;5.188580e-01;7.650303e-02
'unknown';11.270000;0;2.547015e-01;8.590049e-02
'unknown';11.280000;2.103978e+01;5.123262e-01;1.236952e-01
'unknown';11.290000;4.051854e+01;5.110411e-01;1.032273e-01
'unknown';11.300000;6.421204e+01;7.658324e-01;8.624040e-02
'unknown';11.310000;4.317226e+01;5.082076e-01;6.684165e-02
'unknown';11.320000;2.369350e+01;2.547913e-01;6.765388e-02
'unknown';11.330000;2.187933e+01;2.503795e-01;4.603327e-02
'unknown';11.340000;4.377070e+01;4.998596e-01;2.608219e-02
'unknown';11.350000;4.377070e+01;4.998596e-01;1.871815e-02
'unknown';11.360000;2.189137e+01;2.494801e-01;3.172785e-02
'unknown';11.370000;0;0;4.092594e-02
'unknown';11.380000;0;0;4.619198e-02
'unknown';11.390000;0;0;5.020489e-02
'unknown';11.400000;0;0;6.412178e-02
'unknown';11.410000;0;0;6.367213e-02
'unknown';11.420000;2.387719e+01;2.421284e-01;5.711681e-02
'unknown';11.430000;4.964772e+01;5.006845e-01;4.360198e-02
'unknown';11.440000;7.410809e+01;7.531002e-01;5.272729e-02
'unknown';11.450000;5.023090e+01;5.109718e-01;5.434179e-02
'unknown';11.460000;2.446037e+01;2.524158e-01;6.357574e-02
'unknown';11.470000;0;0;7.249282e-02
'unknown';11.480000;0;0;5.260081e-02
'unknown';11.490000;0;0;3.283040e-02
'unknown';11.500000;2.090754e+01;2.640713e-01;1.336092e-02
'unknown';11.510000;3.981450e+01;5.370360e-01;3.062253e-02
'unknown';11.520000;5.821128e+01;8.091197e-01;7.310293e-02
'unknown';11.530000;3.730375e+01;5.450484e-01;9.208594e-02
'unknown';11.540000;1.839678e+01;2.720837e-01;9.883534e-02
'unknown';11.550000;1.836534e+01;2.666977e-01;7.526347e-02
'unknown';11.560000;3.963572e+01;5.255389e-01;7.526348e-02
'unknown';11.570000;3.963572e+01;5.255389e-01;7.176618e-02
'unknown';11.580000;2.127038e+01;2.588412e-01;7.262806e-02
'unknown';11.590000;7.571970e+01;2.601438e-01;7.923118e-02
'unknown';11.600000;1.522638e+02;5.403416e-01;9.676611e-02
'unknown';11.610000;3.053417e+02;8.294159e-01;1.020484e-01
'unknown';11.620000;3.824725e+02;8.617935e-01;1.018347e-01
'unknown';11.630000;4.579918e+02;8.746797e-01;8.336233e-02
'unknown';11.640000;4.557755e+02;8.754740e-01;2.070327e-01
'unknown';11.650000;3.764619e+02;8.746817e-01;2.795645e-01
'unknown';11.660000;2.971648e+02;8.683297e-01;4.197516e-01
'unknown';11.670000;2.187096e+02;8.587859e-01;4.484839e-01
'unknown';11.680000;2.171981e+02;8.341227e-01;3.724058e-01
'unknown';11.690000;2.152397e+02;8.074761e-01;3.762131e-01
'unknown';11.700000;2.165108e+02;7.989361e-01;2.406962e-01
'unknown';11.710000;2.191716e+02;8.027164e-01;3.314814e-01
'unknown';11.720000;2.218626e+02;8.063955e-01;2.737280e-01
'unknown';11.730000;1.481850e+02;5.346106e-01;3.436194e-01
'unknown';11.740000;7.349881e+01;5.246904e-01;2.886610e-01
'unknown';11.750000;0;2.609260e-01;2.380065e-01
'unknown';11.760000;0;2.609260e-01;1.481478e-01
'unknown';11.770000;0;2.611471e-01;1.185822e-01
'unknown';11.780000;0;2.611471e-01;1.087575e-01
'unknown';11.790000;0;2.611471e-01;1.326049e-01
'unknown';11.800000;0;0;1.171541e-01
'unknown';11.810000;0;0;9.323949e-02
'unknown';11.820000;0;0;4.835723e-02
'unknown';11.830000;0;0;6.659421e-02
'unknown';11.840000;0;0;8.321941e-02
'unknown';11.850000;0;0;9.544513e-02
'unknown';11.860000;0;0;6.457162e-02
'unknown';11.870000;0;0;6.142667e-02
'unknown';11.880000;0;2.541399e-01;7.933515e-02
'unknown';11.890000;0;2.541399e-01;8.863088e-02
'unknown';11.900000;0;2.541399e-01;5.887998e-02
'unknown';11.910000;1.957339e+01;2.544623e-01;5.909723e-02
'unknown';11.920000;3.982146e+01;5.015065e-01;4.573119e-02
'unknown';11.930000;1.229127e+02;7.713842e-01;1.092981e-01
'unknown';11.940000;1.897677e+02;7.960563e-01;1.488205e-01
'unknown';11.950000;2.569888e+02;8.326567e-01;1.523841e-01
'unknown';11.960000;2.621825e+02;8.461528e-01;1.126087e-01
'unknown';11.970000;2.653191e+02;8.459989e-01;1.277872e-01
'unknown';11.980000;2.681120e+02;8.425943e-01;1.980232e-01
'unknown';11.990000;2.706747e+02;8.390790e-01;2.414453e-01
'unknown';12.000000;2.727923e+02;8.233068e-01;2.381757e-01
'unknown';12.010000;2.028018e+02;7.938697e-01;2.490218e-01
'unknown';12.020000;1.315887e+02;7.660959e-01;2.157143e-01
'unknown';12.030000;6.272820e+01;7.563588e-01;1.919307e-01
'unknown';12.040000;6.527856e+01;7.578461e-01;1.118454e-01
'unknown';12.050000;6.837634e+01;7.538028e-01;1.434128e-01
'unknown';12.060000;4.555426e+01;5.003318e-01;1.207344e-01
'unknown';12.070000;2.273218e+01;2.480415e-01;1.351158e-01
'unknown';12.080000;0;0;9.763645e-02
'unknown';12.090000;0;0;7.723675e-02
'unknown';12.100000;0;0;8.773767e-02
'unknown';12.110000;0;0;9.464282e-02
'unknown';12.120000;0;0;1.144447e-01
'unknown';12.130000;0;0;8.500194e-02
'unknown';12.140000;0;0;6.576983e-02
'unknown';12.150000;0;0;4.180948e-02
'unknown';12.160000;0;0;6.928828e-02
'unknown';12.170000;0;0;5.627859e-02
'unknown';12.180000;0;0;8.578881e-02
'unknown';12.190000;0;2.306369e-01;8.964638e-02
'unknown';12.200000;0;2.306369e-01;9.730909e-02
'unknown';12.210000;0;2.306369e-01;8.188858e-02
'unknown';12.220000;0;0;9.072085e-02
'unknown';12.230000;0;0;8.957845e-02
'unknown';12.240000;0;0;1.157120e-01
'unknown';12.250000;0;0;1.158912e-01
'unknown';12.260000;0;0;1.479784e-01
'unknown';12.270000;0;0;1.288401e-01
'unknown';12.280000;8.003579e+01;2.633345e-01;1.330116e-01
'unknown';12.290000;1.601739e+02;5.391698e-01;1.236141e-01
'unknown';12.300000;2.403053e+02;8.105850e-01;1.411487e-01
'unknown';12.310000;2.402548e+02;8.111189e-01;1.484092e-01
'unknown';12.320000;1.800052e+02;7.892143e-01;2.200666e-01
'unknown';12.330000;1.198554e+02;7.748765e-01;2.216704e-01
'unknown';12.340000;5.991481e+01;7.697514e-01;1.929437e-01
'unknown';12.350000;4.002621e+01;5.158207e-01;1.305050e-01
'unknown';12.360000;2.004466e+01;2.587433e-01;8.702129e-02
'unknown';12.370000;0;0;8.774900e-02
'unknown';12.380000;2.206373e+01;2.639494e-01;7.189816e-02
'unknown';12.390000;4.147739e+01;5.202251e-01;9.728751e-02
'unknown';12.400000;6.348402e+01;7.653701e-01;1.178567e-01
'unknown';12.410000;6.380111e+01;7.380602e-01;1.365149e-01
'unknown';12.420000;1.294660e+02;7.513582e-01;1.289596e-01
'unknown';12.430000;1.901540e+02;7.898002e-01;1.341988e-01
'unknown';12.440000;3.310285e+02;8.364654e-01;1.458600e-01
'unknown';12.450000;4.033008e+02;8.474615e-01;1.854560e-01
'unknown';12.460000;3.957944e+02;8.315617e-01;2.175054e-01
'unknown';12.470000;3.058753e+02;8.197092e-01;3.320428e-01
'unknown';12.480000;2.217344e+02;7.909748e-01;3.262760e-01
'unknown';12.490000;2.212194e+02;7.710066e-01;2.893253e-01
'unknown';12.500000;2.217247e+02;7.572894e-01;1.809976e-01
'unknown';12.510000;2.221699e+02;7.750199e-01;2.058425e-01
'unknown';12.520000;2.226715e+02;8.081553e-01;1.863563e-01
'unknown';12.530000;2.240468e+02;8.228274e-01;1.578940e-01
'unknown';12.540000;2.254720e+02;8.198391e-01;1.423119e-01
'unknown';12.550000;2.248696e+02;7.965056e-01;2.011826e-01
'unknown';12.560000;1.739827e+02;7.810056e-01;1.741161e-01
'unknown';12.570000;1.221368e+02;7.644946e-01;1.645631e-01
'unknown';12.580000;6.596307e+01;7.571910e-01;1.255151e-01
'unknown';12.590000;6.024178e+01;7.595220e-01;1.402904e-01
'unknown';12.600000;5.575043e+01;7.703293e-01;1.252601e-01
'unknown';12.610000;5.640513e+01;7.774490e-01;1.035327e-01
'unknown';12.620000;5.696021e+01;7.766845e-01;1.063133e-01
'unknown';12.630000;3.821704e+01;5.158104e-01;8.683161e-02
'unknown';12.640000;1.916381e+01;2.584735e-01;8.559797e-02
'unknown';12.650000;6.375174e+01;2.556935e-01;1.007102e-01
'unknown';12.660000;1.928423e+02;5.287625e-01;9.895205e-02
'unknown';12.670000;3.234055e+02;8.126688e-01;1.621048e-01
'unknown';12.680000;3.916748e+02;8.410282e-01;1.984837e-01
'unknown';12.690000;3.932310e+02;8.549353e-01;2.849120e-01
'unknown';12.700000;3.922692e+02;8.576067e-01;3.177737e-01
'unknown';12.710000;3.881621e+02;8.592751e-01;3.707167e-01
'unknown';12.720000;3.825926e+02;8.540583e-01;3.647033e-01
'unknown';12.730000;3.720471e+02;8.490553e-01;3.343246e-01
'unknown';12.740000;3.618861e+02;8.454097e-01;2.444458e-01
'unknown';12.750000;3.539367e+02;8.467944e-01;2.700261e-01
'unknown';12.760000;3.515806e+02;8.426061e-01;2.859214e-01
'unknown';12.770000;3.503976e+02;8.301193e-01;3.637755e-01
'unknown';12.780000;3.499235e+02;8.154094e-01;3.405263e-01
'unknown';12.790000;2.917732e+02;8.095779e-01;3.075766e-01
'unknown';12.800000;2.340588e+02;8.175698e-01;2.911099e-01
'unknown';12.810000;1.765440e+02;8.316491e-01;2.909085e-01
'unknown';12.820000;1.773455e+02;8.410507e-01;2.985853e-01
'unknown';12.830000;1.781201e+02;8.463461e-01;2.432591e-01
'unknown';12.840000;1.796868e+02;8.492242e-01;1.801912e-01
'unknown';12.850000;1.804238e+02;8.570526e-01;1.551806e-01
'unknown';12.860000;1.808816e+02;8.612599e-01;2.295889e-01
'unknown';12.870000;1.801576e+02;8.599464e-01;3.168144e-01
'unknown';12.880000;1.805309e+02;8.527552e-01;4.147771e-01
'unknown';12.890000;1.814421e+02;8.495378e-01;2.991902e-01
'unknown';12.900000;1.831116e+02;8.517523e-01;1.881449e-01
'unknown';12.910000;1.858666e+02;8.524837e-01;5.554090e-02
'unknown';12.920000;1.894086e+02;8.530257e-01;1.285801e-01
'unknown';12.930000;1.928421e+02;8.496290e-01;1.726193e-01
'unknown';12.940000;1.949165e+02;8.503992e-01;2.350021e-01
'unknown';12.950000;1.967020e+02;8.460336e-01;1.998196e-01
'unknown';12.960000;1.984864e+02;8.216329e-01;3.121564e-01
'unknown';12.970000;2.004251e+02;7.862912e-01;3.678306e-01
'unknown';12.980000;1.516487e+02;7.598233e-01;3.972287e-01
'unknown';12.990000;1.025962e+02;7.574603e-01;2.436257e-01
'unknown';13.000000;5.305734e+01;7.657270e-01;1.450642e-01
'unknown';13.010000;1.063957e+02;7.692904e-01;1.386953e-01
'unknown';13.020000;1.578759e+02;7.779650e-01;1.513732e-01
'unknown';13.030000;2.083549e+02;7.834525e-01;1.397886e-01
'unknown';13.040000;2.042563e+02;7.884941e-01;1.204223e-01
'unknown';13.050000;2.007914e+02;7.831438e-01;1.346206e-01
'unknown';13.060000;1.980709e+02;7.827732e-01;1.152725e-01
'unknown';13.070000;1.951505e+02;7.737678e-01;1.338152e-01
'unknown';13.080000;1.921529e+02;7.726140e-01;9.917285e-02
'unknown';13.090000;1.901173e+02;7.799795e-01;1.474999e-01
'unknown';13.100000;1.904230e+02;8.061655e-01;1.337395e-01
'unknown';13.110000;1.925208e+02;8.306239e-01;2.209182e-01
'unknown';13.120000;1.957205e+02;8.396632e-01;1.840283e-01
'unknown';13.130000;2.000817e+02;8.331881e-01;2.108883e-01
'unknown';13.140000;2.127733e+02;8.044912e-01;1.905575e-01
'unknown';13.150000;2.271970e+02;7.857803e-01;2.720200e-01
'unknown';13.160000;2.450779e+02;7.835620e-01;2.027525e-01
'unknown';13.170000;2.572903e+02;7.891275e-01;1.839501e-01
'unknown';13.180000;2.009939e+02;7.753034e-01;1.442827e-01
'unknown';13.190000;1.394581e+02;7.520571e-01;1.885889e-01
'unknown';13.200000;6.831087e+01;7.292534e-01;1.975396e-01
'unknown';13.210000;6.557207e+01;7.215191e-01;1.897765e-01
'unknown';13.220000;1.971134e+02;7.526612e-01;1.939012e-01
'unknown';13.230000;3.368257e+02;7.925895e-01;1.791078e-01
'unknown';13.240000;4.797530e+02;8.279184e-01;1.489672e-01
'unknown';13.250000;3.478920e+02;8.035796e-01;1.629906e-01
'unknown';13.260000;1.894907e+02;5.268256e-01;1.298667e-01
'unknown';13.270000;2.456178e+01;5.147733e-01;1.462062e-01
'unknown';13.280000;0;2.605493e-01;1.076589e-01
'unknown';13.290000;0;2.605493e-01;1.055363e-01
'unknown';13.300000;0;2.660815e-01;7.119585e-02
'unknown';13.310000;0;2.660815e-01;6.346466e-02
'unknown';13.320000;0;2.660815e-01;6.558728e-02
'unknown';13.330000;0;0;7.097724e-02
'unknown';13.340000;0;0;5.724278e-02
'unknown';13.350000;0;0;4.782085e-02
'unknown';13.360000;0;0;4.510332e-02
'unknown';13.370000;0;0;4.585837e-02
'unknown';13.380000;0;0;4.911048e-02
'unknown';13.390000;2.548692e+01;2.561759e-01;5.800253e-02
'unknown';13.400000;5.058696e+01;5.061496e-01;6.395305e-02
'unknown';13.410000;9.848806e+01;7.742375e-01;4.777525e-02
'unknown';13.420000;1.214780e+02;7.814314e-01;5.346289e-02
'unknown';13.430000;1.454057e+02;8.046439e-01;1.048035e-01
'unknown';13.440000;1.466010e+02;8.111293e-01;1.568937e-01
'unknown';13.450000;1.474469e+02;8.268549e-01;1.736154e-01
'unknown';13.460000;1.481544e+02;8.302353e-01;1.887317e-01
'unknown';13.470000;1.489336e+02;8.334689e-01;2.294310e-01
'unknown';13.480000;1.493536e+02;8.313318e-01;2.770211e-01
'unknown';13.490000;1.490505e+02;8.313885e-01;2.958831e-01
'unknown';13.500000;1.480832e+02;8.311297e-01;2.783237e-01
'unknown';13.510000;1.464155e+02;8.276145e-01;2.905720e-01
'unknown';13.520000;1.435409e+02;8.172302e-01;1.838297e-01
'unknown';13.530000;1.409684e+02;8.072153e-01;2.158517e-01
'unknown';13.540000;1.379767e+02;7.967232e-01;2.507999e-01
'unknown';13.550000;1.366345e+02;7.924666e-01;3.308634e-01
'unknown';13.560000;9.029867e+01;5.249335e-01;2.827766e-01
'unknown';13.570000;9.246433e+01;5.232753e-01;2.106218e-01
'unknown';13.580000;9.600974e+01;5.307431e-01;1.879196e-01
'unknown';13.590000;1.458389e+02;8.065897e-01;1.461395e-01
'unknown';13.600000;1.486202e+02;8.242750e-01;1.036434e-01
'unknown';13.610000;1.496185e+02;8.337464e-01;1.378440e-01
'unknown';13.620000;1.488809e+02;8.347480e-01;1.660248e-01
'unknown';13.630000;1.473392e+02;8.329951e-01;2.187647e-01
'unknown';13.640000;1.456186e+02;8.324186e-01;1.870100e-01
'unknown';13.650000;1.441902e+02;8.355868e-01;2.469963e-01
'unknown';13.660000;1.427114e+02;8.352771e-01;3.711220e-01
'unknown';13.670000;1.410015e+02;8.323142e-01;3.859155e-01
'unknown';13.680000;1.392744e+02;8.275713e-01;4.104629e-01
'unknown';13.690000;1.378884e+02;8.274503e-01;2.408238e-01
'unknown';13.700000;1.369869e+02;8.292952e-01;2.575578e-01
'unknown';13.710000;1.363618e+02;8.281512e-01;2.203569e-01
'unknown';13.720000;1.357901e+02;8.223760e-01;2.257969e-01
'unknown';13.730000;1.352507e+02;8.194119e-01;1.667068e-01
'unknown';13.740000;1.348239e+02;8.221967e-01;1.438125e-01
'unknown';13.750000;1.347416e+02;8.293174e-01;1.678878e-01
'unknown';13.760000;1.351047e+02;8.297623e-01;1.590955e-01
'unknown';13.770000;1.358247e+02;8.250791e-01;1.095881e-01
'unknown';13.780000;1.369135e+02;8.185100e-01;1.398475e-01
'unknown';13.790000;1.384348e+02;8.136020e-01;1.898185e-01
'unknown';13.800000;1.405035e+02;8.072383e-01;2.165698e-01
'unknown';13.810000;1.432983e+02;8.038375e-01;2.158870e-01
'unknown';13.820000;1.465427e+02;8.050676e-01;2.616405e-01
'unknown';13.830000;1.501889e+02;8.051047e-01;2.652192e-01
'unknown';13.840000;1.570440e+02;7.931039e-01;2.615183e-01
'unknown';13.850000;1.734617e+02;7.704461e-01;1.671741e-01
'unknown';13.860000;1.459124e+02;7.583267e-01;2.672683e-01
'unknown';13.870000;1.139736e+02;7.516424e-01;2.821520e-01
'unknown';13.880000;7.208664e+01;7.630241e-01;2.996905e-01
'unknown';13.890000;1.240727e+02;7.728913e-01;1.852684e-01
'unknown';13.900000;1.777520e+02;7.751157e-01;1.261440e-01
'unknown';13.910000;1.532048e+02;5.153616e-01;1.943629e-01
'unknown';13.920000;7.744897e+01;2.517092e-01;2.573749e-01
'unknown';13.930000;0;0;2.568083e-01
'unknown';13.940000;0;0;1.852770e-01
'unknown';13.950000;0;0;1.524605e-01
'unknown';13.960000;0;0;1.604997e-01
'unknown';13.970000;0;0;1.683920e-01
'unknown';13.980000;0;0;1.393523e-01
'unknown';13.990000;0;0;1.012185e-01
'unknown';14.000000;0;0;8.393931e-02
'unknown';14.010000;0;0;6.511864e-02
'unknown';14.020000;0;2.620766e-01;7.010365e-02
'unknown';14.030000;0;2.620766e-01;4.881373e-02
'unknown';14.040000;2.415138e+01;5.250035e-01;4.490079e-02
'unknown';14.050000;4.774924e+01;5.258264e-01;3.484805e-02
'unknown';14.060000;6.944408e+01;7.922020e-01;5.637792e-02
'unknown';14.070000;6.490916e+01;7.979407e-01;7.911152e-02
'unknown';14.080000;4.131131e+01;5.350413e-01;7.779368e-02
'unknown';14.090000;1.961647e+01;2.686658e-01;9.896501e-02
'unknown';14.100000;0;0;1.124548e-01
'unknown';14.110000;0;0;1.479792e-01
'unknown';14.120000;0;0;1.186169e-01
'unknown';14.130000;0;0;9.672827e-02
'unknown';14.140000;0;0;8.845969e-02
'unknown';14.150000;0;0;9.829575e-02
'unknown';14.160000;0;0;8.730180e-02
'unknown';14.170000;2.553505e+01;2.607948e-01;8.083848e-02
'unknown';14.180000;5.072045e+01;5.205719e-01;9.050391e-02
'unknown';14.190000;7.231583e+01;7.745321e-01;1.010529e-01
'unknown';14.200000;4.678079e+01;5.137373e-01;9.021074e-02
'unknown';14.210000;2.159539e+01;2.539602e-01;7.382105e-02
'unknown';14.220000;0;0;4.788306e-02
'unknown';14.230000;0;0;3.861372e-02
'unknown';14.240000;0;0;3.367290e-02
'unknown';14.250000;0;0;2.870693e-02
'unknown';14.260000;0;0;3.833907e-02
'unknown';14.270000;0;0;2.840839e-02
'unknown';14.280000;0;0;3.273752e-02
'unknown';14.290000;0;0;5.056620e-02
'unknown';14.300000;0;0;7.099292e-02
'unknown';14.310000;0;0;8.759090e-02
'unknown';14.320000;0;0;7.866081e-02
'unknown';14.330000;0;0;8.382020e-02
'unknown';14.340000;0;0;8.934923e-02
'unknown';14.350000;1.962520e+01;2.684354e-01;7.013751e-02
'unknown';14.360000;4.059002e+01;5.396102e-01;6.426210e-02
'unknown';14.370000;6.246437e+01;8.056195e-01;7.831264e-02
'unknown';14.380000;4.283918e+01;5.371841e-01;1.132565e-01
'unknown';14.390000;4.097908e+01;5.373799e-01;1.112879e-01
'unknown';14.400000;3.685118e+01;5.497625e-01;1.105290e-01
'unknown';14.410000;3.685118e+01;5.497625e-01;1.152134e-01
'unknown';14.420000;1.774646e+01;2.783919e-01;1.269680e-01
'unknown';14.430000;0;0;1.151280e-01
'unknown';14.440000;0;0;1.013962e-01
'unknown';14.450000;0;0;8.757496e-02
'unknown';14.460000;0;0;8.989620e-02
'unknown';14.470000;0;0;1.039888e-01
'unknown';14.480000;0;0;1.180086e-01
'unknown';14.490000;2.442568e+01;2.648520e-01;1.166297e-01
'unknown';14.500000;4.695966e+01;5.308650e-01;1.006617e-01
'unknown';14.510000;6.713579e+01;7.985204e-01;8.716869e-02
'unknown';14.520000;6.234337e+01;7.993393e-01;7.117424e-02
'unknown';14.530000;5.928907e+01;7.997410e-01;6.636500e-02
'unknown';14.540000;5.719946e+01;7.981122e-01;6.790481e-02
'unknown';14.550000;5.571180e+01;8.013079e-01;6.325766e-02
'unknown';14.560000;3.623213e+01;5.348931e-01;5.287279e-02
'unknown';14.570000;1.814561e+01;2.688665e-01;3.106030e-02
'unknown';14.580000;0;0;2.400849e-02
'unknown';14.590000;0;0;1.362653e-02
'unknown';14.600000;0;2.741422e-01;1.912392e-02
'unknown';14.610000;0;2.741422e-01;3.774021e-02
'unknown';14.620000;0;2.741422e-01;7.746080e-02
'unknown';14.630000;2.092809e+01;2.557378e-01;1.030926e-01
'unknown';14.640000;4.327846e+01;5.171277e-01;9.378163e-02
'unknown';14.650000;4.327846e+01;5.171277e-01;6.243004e-02
'unknown';14.660000;2.235037e+01;2.613899e-01;4.161401e-02
'unknown';14.670000;0;0;5.533357e-02
'unknown';14.680000;2.249879e+01;2.553874e-01;6.314237e-02
'unknown';14.690000;4.470166e+01;5.163989e-01;7.588252e-02
'unknown';14.700000;6.372234e+01;7.852510e-01;8.414540e-02
'unknown';14.710000;5.962902e+01;8.014212e-01;7.359301e-02
'unknown';14.720000;5.639993e+01;8.114614e-01;8.350694e-02
'unknown';14.730000;5.804718e+01;8.155675e-01;1.015599e-01
'unknown';14.740000;6.067533e+01;8.174155e-01;1.464425e-01
'unknown';14.750000;6.185082e+01;8.175743e-01;1.452238e-01
'unknown';14.760000;6.060526e+01;8.154528e-01;1.142045e-01
'unknown';14.770000;3.957164e+01;5.420471e-01;9.295234e-02
'unknown';14.780000;1.942237e+01;2.708365e-01;1.166155e-01
'unknown';14.790000;0;0;1.687118e-01
'unknown';14.800000;0;0;1.926364e-01
'unknown';14.810000;0;0;1.668812e-01
'unknown';14.820000;0;0;1.073943e-01
'unknown';14.830000;0;0;6.080459e-02
'unknown';14.840000;0;0;4.668059e-02
'unknown';14.850000;0;2.701312e-01;4.418812e-02
'unknown';14.860000;0;2.701312e-01;3.550441e-02
'unknown';14.870000;0;5.409243e-01;2.801701e-02
'unknown';14.880000;0;2.707931e-01;3.127750e-02
'unknown';14.890000;1.944957e+01;5.379809e-01;5.648550e-02
'unknown';14.900000;3.689071e+01;5.423245e-01;8.039390e-02
'unknown';14.910000;5.463611e+01;8.100770e-01;1.047535e-01
'unknown';14.920000;5.800249e+01;7.996055e-01;1.039861e-01
'unknown';14.930000;4.056135e+01;5.244688e-01;8.987457e-02
'unknown';14.940000;2.281594e+01;2.567163e-01;6.513431e-02
'unknown';14.950000;0;2.596464e-01;4.434179e-02
'unknown';14.960000;0;2.596464e-01;4.349402e-02
'unknown';14.970000;2.351849e+01;5.118560e-01;4.148106e-02
'unknown';14.980000;4.321738e+01;5.014058e-01;4.992057e-02
'unknown';14.990000;6.127789e+01;7.673698e-01;4.359708e-02
'unknown';15.000000;5.627604e+01;7.826357e-01;3.927429e-02
'unknown';15.010000;3.657714e+01;5.334396e-01;3.275397e-02
'unknown';15.020000;1.851663e+01;5.346863e-01;2.972634e-02
'unknown';15.030000;0;2.672108e-01;3.860582e-02
'unknown';15.040000;0;5.390238e-01;6.394248e-02
'unknown';15.050000;0;2.718130e-01;8.310639e-02
'unknown';15.060000;2.241755e+01;5.268019e-01;6.924438e-02
'unknown';15.070000;4.471237e+01;5.198553e-01;4.390771e-02
'unknown';15.080000;6.696503e+01;7.795368e-01;3.466237e-02
'unknown';15.090000;4.454749e+01;5.245479e-01;4.019189e-02
'unknown';15.100000;4.172079e+01;5.270693e-01;6.619450e-02
'unknown';15.110000;3.755320e+01;5.383098e-01;7.807565e-02
'unknown';15.120000;5.644011e+01;8.031633e-01;8.053496e-02
'unknown';15.130000;5.874351e+01;8.026056e-01;5.453236e-02
'unknown';15.140000;4.065844e+01;5.316837e-01;2.965002e-02
'unknown';15.150000;2.177152e+01;2.668301e-01;2.547048e-02
'unknown';15.160000;0;0;3.119428e-02
'unknown';15.170000;2.067215e+01;2.618549e-01;3.999994e-02
'unknown';15.180000;4.418303e+01;5.226741e-01;4.224569e-02
'unknown';15.190000;6.917290e+01;7.798516e-01;4.828793e-02
'unknown';15.200000;4.850074e+01;5.179967e-01;5.075188e-02
'unknown';15.210000;2.498987e+01;2.571775e-01;5.400218e-02
'unknown';15.220000;0;0;5.815883e-02
'unknown';15.230000;0;0;4.159062e-02
'unknown';15.240000;0;0;5.289672e-02
'unknown';15.250000;0;2.619621e-01;5.883588e-02
'unknown';15.260000;0;2.619621e-01;7.510652e-02
'unknown';15.270000;0;2.619621e-01;1.018431e-01
'unknown';15.280000;0;0;1.110293e-01
'unknown';15.290000;0;0;1.127759e-01
'unknown';15.300000;0;0;9.072729e-02
'unknown';15.310000;7.421049e+01;2.531781e-01;8.971349e-02
'unknown';15.320000;1.457659e+02;5.121682e-01;8.201642e-02
'unknown';15.330000;2.160191e+02;7.835014e-01;9.237628e-02
'unknown';15.340000;2.099937e+02;8.078837e-01;1.309397e-01
'unknown';15.350000;2.067731e+02;8.355520e-01;2.025280e-01
'unknown';15.360000;2.056119e+02;8.506681e-01;3.157535e-01
'unknown';15.370000;2.078481e+02;8.629101e-01;3.057016e-01
'unknown';15.380000;2.112553e+02;8.689380e-01;2.657686e-01
'unknown';15.390000;2.141587e+02;8.758562e-01;2.244742e-01
'unknown';15.400000;2.150984e+02;8.792362e-01;2.300856e-01
'unknown';15.410000;2.152266e+02;8.795514e-01;2.844909e-01
'unknown';15.420000;2.146434e+02;8.708673e-01;2.064237e-01
'unknown';15.430000;2.129551e+02;8.633375e-01;2.843020e-01
'unknown';15.440000;2.096827e+02;8.556261e-01;2.831320e-01
'unknown';15.450000;2.058628e+02;8.551950e-01;3.172661e-01
'unknown';15.460000;2.695127e+02;8.552808e-01;2.960611e-01
'unknown';15.470000;3.334849e+02;8.606167e-01;3.427468e-01
'unknown';15.480000;3.982106e+02;8.677616e-01;3.999368e-01
'unknown';15.490000;3.971217e+02;8.731053e-01;4.437281e-01
'unknown';15.500000;3.977763e+02;8.722388e-01;4.563639e-01
'unknown';15.510000;3.327024e+02;8.688917e-01;4.865742e-01
'unknown';15.520000;2.679249e+02;8.639224e-01;4.225160e-01
'unknown';15.530000;2.022675e+02;8.596747e-01;3.602834e-01
'unknown';15.540000;2.027298e+02;8.556101e-01;3.009738e-01
'unknown';15.550000;2.030666e+02;8.518369e-01;2.611824e-01
'unknown';15.560000;2.028619e+02;8.466412e-01;2.407763e-01
'unknown';15.570000;2.017448e+02;8.334754e-01;2.174626e-01
'unknown';15.580000;1.339517e+02;5.511357e-01;2.171870e-01
'unknown';15.590000;6.658927e+01;2.708199e-01;1.781892e-01
'unknown';15.600000;0;0;1.298078e-01
'unknown';15.610000;0;0;8.043552e-02
'unknown';15.620000;0;0;5.859104e-02
'unknown';15.630000;0;0;5.534293e-02
'unknown';15.640000;0;2.510362e-01;5.468613e-02
'unknown';15.650000;0;2.510362e-01;5.468613e-02
'unknown';15.660000;0;2.510362e-01;7.002912e-02
'unknown';15.670000;0;0;7.376751e-02
'unknown';15.680000;0;0;6.848994e-02
'unknown';15.690000;0;0;4.950412e-02
'unknown';15.700000;0;0;5.149926e-02
'unknown';15.710000;0;0;5.885015e-02
'unknown';15.720000;0;0;5.067064e-02
'unknown';15.730000;0;0;5.122055e-02
'unknown';15.740000;0;0;5.020465e-02
'unknown';15.750000;2.039193e+01;2.599967e-01;6.583355e-02
'unknown';15.760000;4.027363e+01;5.234328e-01;6.084887e-02
'unknown';15.770000;5.989172e+01;7.880240e-01;7.325931e-02
'unknown';15.780000;3.949979e+01;5.280274e-01;7.184615e-02
'unknown';15.790000;3.806469e+01;5.338092e-01;6.620596e-02
'unknown';15.800000;3.683133e+01;5.299222e-01;4.746053e-02
'unknown';15.810000;1.076807e+02;7.784962e-01;4.942359e-02
'unknown';15.820000;1.587236e+02;7.834364e-01;5.779566e-02
'unknown';15.830000;2.071642e+02;8.013067e-01;8.023889e-02
'unknown';15.840000;2.014205e+02;8.359464e-01;7.913053e-02
'unknown';15.850000;1.955186e+02;8.501220e-01;8.477701e-02
'unknown';15.860000;1.915600e+02;8.603997e-01;1.303483e-01
'unknown';15.870000;1.891169e+02;8.630533e-01;2.541105e-01
'unknown';15.880000;1.884247e+02;8.577838e-01;2.827387e-01
'unknown';15.890000;1.889221e+02;8.555337e-01;3.148873e-01
'unknown';15.900000;1.904674e+02;8.500314e-01;2.180831e-01
'unknown';15.910000;1.927699e+02;8.466287e-01;2.879568e-01
'unknown';15.920000;1.949734e+02;8.408161e-01;3.425105e-01
'unknown';15.930000;1.985609e+02;8.372748e-01;4.226315e-01
'unknown';15.940000;2.011585e+02;8.246110e-01;4.024042e-01
'unknown';15.950000;2.058812e+02;7.938672e-01;3.627590e-01
'unknown';15.960000;1.556822e+02;7.659785e-01;3.572139e-01
'unknown';15.970000;1.083285e+02;7.440209e-01;3.686318e-01
'unknown';15.980000;5.990570e+01;7.395148e-01;3.004587e-01
'unknown';15.990000;6.527044e+01;7.391059e-01;2.044166e-01
'unknown';16.000000;4.482869e+01;4.940657e-01;1.295192e-01
'unknown';16.010000;4.681280e+01;4.951436e-01;1.166683e-01
'unknown';16.020000;4.477991e+01;4.925576e-01;1.199688e-01
'unknown';16.030000;6.300564e+01;7.393900e-01;1.076073e-01
'unknown';16.040000;5.975151e+01;7.435524e-01;8.957381e-02
'unknown';16.050000;5.925103e+01;7.477921e-01;8.426994e-02
'unknown';16.060000;5.937569e+01;7.501677e-01;9.110930e-02
'unknown';16.070000;5.949881e+01;7.511529e-01;8.733835e-02
'unknown';16.080000;6.087130e+01;7.542648e-01;9.149040e-02
'unknown';16.090000;6.766578e+01;7.581787e-01;7.538611e-02
'unknown';16.100000;7.186932e+01;7.608592e-01;7.966700e-02
'unknown';16.110000;7.252895e+01;7.626163e-01;7.943321e-02
'unknown';16.120000;4.738408e+01;5.094944e-01;9.256204e-02
'unknown';16.130000;2.245985e+01;2.550487e-01;8.653460e-02
'unknown';16.140000;0;0;1.113142e-01
'unknown';16.150000;5.916121e+01;2.555423e-01;1.203752e-01
'unknown';16.160000;1.182679e+02;5.157214e-01;1.203752e-01
'unknown';16.170000;1.771459e+02;7.826295e-01;8.399343e-02
'unknown';16.180000;1.756634e+02;7.919522e-01;6.863513e-02
'unknown';16.190000;1.723590e+02;7.870104e-01;7.759973e-02
'unknown';16.200000;1.401108e+02;7.577157e-01;1.284277e-01
'unknown';16.210000;1.015866e+02;7.308003e-01;1.806608e-01
'unknown';16.220000;6.732658e+01;7.181734e-01;1.602340e-01
'unknown';16.230000;6.479258e+01;7.298625e-01;1.797677e-01
'unknown';16.240000;7.044051e+01;7.361110e-01;1.472364e-01
'unknown';16.250000;4.889827e+01;4.935005e-01;2.323121e-01
'unknown';16.260000;2.480248e+01;2.441981e-01;1.685946e-01
'unknown';16.270000;0;2.308784e-01;1.829795e-01
'unknown';16.280000;0;4.600687e-01;1.168868e-01
'unknown';16.290000;0;6.878632e-01;1.135835e-01
'unknown';16.300000;2.565686e+01;6.926007e-01;9.257116e-02
'unknown';16.310000;9.280157e+01;7.285410e-01;1.078679e-01
'unknown';16.320000;1.601331e+02;7.716382e-01;1.943522e-01
'unknown';16.330000;2.027886e+02;8.204533e-01;1.805199e-01
'unknown';16.340000;2.050354e+02;8.448372e-01;2.327480e-01
'unknown';16.350000;2.080731e+02;8.654056e-01;2.203543e-01
'unknown';16.360000;2.119908e+02;8.689825e-01;2.379494e-01
'unknown';16.370000;2.171527e+02;8.633227e-01;2.553409e-01
'unknown';16.380000;2.229976e+02;8.540530e-01;2.510069e-01
'unknown';16.390000;2.296399e+02;8.527651e-01;2.084580e-01
'unknown';16.400000;2.356830e+02;8.587139e-01;1.519587e-01
'unknown';16.410000;2.408495e+02;8.656679e-01;1.241143e-01
'unknown';16.420000;2.433485e+02;8.637111e-01;1.391330e-01
'unknown';16.430000;2.430200e+02;8.444960e-01;1.981656e-01
'unknown';16.440000;2.417184e+02;8.144779e-01;2.725239e-01
'unknown';16.450000;2.430344e+02;7.883641e-01;2.789951e-01
'unknown';16.460000;2.447637e+02;7.904444e-01;1.791627e-01
'unknown';16.470000;2.458374e+02;8.060243e-01;1.091516e-01
'unknown';16.480000;2.437138e+02;8.237855e-01;1.576522e-01
'unknown';16.490000;2.422318e+02;8.330773e-01;2.421997e-01
'unknown';16.500000;2.396686e+02;8.416760e-01;2.062656e-01
'unknown';16.510000;2.371232e+02;8.470259e-01;1.750610e-01
'unknown';16.520000;2.342532e+02;8.500142e-01;1.050449e-01
'unknown';16.530000;2.329778e+02;8.521693e-01;1.537886e-01
'unknown';16.540000;2.319073e+02;8.579109e-01;2.134431e-01
'unknown';16.550000;2.306294e+02;8.598321e-01;2.525707e-01
'unknown';16.560000;2.292706e+02;8.631870e-01;2.775439e-01
'unknown';16.570000;2.284554e+02;8.657774e-01;2.584045e-01
'unknown';16.580000;2.294873e+02;8.694484e-01;2.846531e-01
'unknown';16.590000;2.316741e+02;8.667544e-01;2.768745e-01
'unknown';16.600000;2.339010e+02;8.568223e-01;3.051181e-01
'unknown';16.610000;2.357146e+02;8.325126e-01;2.837689e-01
'unknown';16.620000;1.775148e+02;7.971643e-01;2.576717e-01
'unknown';16.630000;1.191571e+02;7.682343e-01;1.677762e-01
'unknown';16.640000;5.972455e+01;7.478552e-01;1.305005e-01
'unknown';16.650000;6.200224e+01;7.476472e-01;8.594067e-02
'unknown';16.660000;4.200041e+01;4.964168e-01;1.144033e-01
'unknown';16.670000;2.222006e+01;2.505647e-01;1.067095e-01
'unknown';16.680000;0;0;9.322319e-02
'unknown';16.690000;2.359676e+01;2.528594e-01;6.915554e-02
'unknown';16.700000;4.681659e+01;5.025744e-01;7.147678e-02
'unknown';16.710000;1.153437e+02;7.594629e-01;8.186165e-02
'unknown';16.720000;1.583678e+02;7.679976e-01;7.069847e-02
'unknown';16.730000;1.609230e+02;7.812721e-01;6.024246e-02
'unknown';16.740000;1.181709e+02;7.802565e-01;1.242970e-01
'unknown';16.750000;7.722545e+01;7.695630e-01;1.816645e-01
'unknown';16.760000;5.145045e+01;5.065735e-01;2.382132e-01
'unknown';16.770000;2.567546e+01;2.507007e-01;1.568661e-01
'unknown';16.780000;0;2.537422e-01;1.190728e-01
'unknown';16.790000;0;2.537422e-01;5.321304e-02
'unknown';16.800000;0;2.537422e-01;6.913573e-02
'unknown';16.810000;2.495358e+01;2.381377e-01;6.799489e-02
'unknown';16.820000;8.777183e+01;5.064264e-01;1.138829e-01
'unknown';16.830000;1.480392e+02;7.726083e-01;1.176009e-01
'unknown';16.840000;2.989332e+02;8.128831e-01;1.127274e-01
'unknown';16.850000;4.109345e+02;8.317425e-01;1.438682e-01
'unknown';16.860000;5.239315e+02;8.515362e-01;2.112327e-01
'unknown';16.870000;4.056428e+02;8.512067e-01;2.738220e-01
'unknown';16.880000;2.884426e+02;8.346200e-01;2.626529e-01
'unknown';16.890000;1.733006e+02;7.970216e-01;1.918485e-01
'unknown';16.900000;1.157416e+02;5.189385e-01;2.028324e-01
'unknown';16.910000;5.812227e+01;2.483772e-01;1.447815e-01
'unknown';16.920000;0;0;1.682512e-01
'unknown';16.930000;0;0;1.122356e-01
'unknown';16.940000;0;2.531155e-01;1.531727e-01
'unknown';16.950000;0;2.531155e-01;1.538727e-01
'unknown';16.960000;2.846453e+01;5.030558e-01;1.265456e-01
'unknown';16.970000;5.684709e+01;5.011752e-01;9.956487e-02
'unknown';16.980000;8.391321e+01;7.495530e-01;5.859302e-02
'unknown';16.990000;8.116781e+01;7.523624e-01;6.369486e-02
'unknown';17.000000;1.116831e+02;7.561920e-01;5.816908e-02
'unknown';17.010000;1.429471e+02;7.719900e-01;8.388311e-02
'unknown';17.020000;1.751543e+02;7.932947e-01;8.329069e-02
'unknown';17.030000;1.738461e+02;8.189948e-01;1.103010e-01
'unknown';17.040000;1.730002e+02;8.411028e-01;1.986377e-01
'unknown';17.050000;1.725164e+02;8.554025e-01;2.588809e-01
'unknown';17.060000;1.720618e+02;8.591111e-01;2.995050e-01
'unknown';17.070000;2.822943e+02;8.522205e-01;2.737246e-01
'unknown';17.080000;3.869599e+02;8.385992e-01;2.989028e-01
'unknown';17.090000;4.865846e+02;8.336756e-01;3.306022e-01
'unknown';17.100000;4.741208e+02;8.334057e-01;3.564767e-01
'unknown';17.110000;4.668240e+02;8.355656e-01;2.912398e-01
'unknown';17.120000;4.646494e+02;8.294360e-01;2.384695e-01
'unknown';17.130000;3.605331e+02;8.141435e-01;1.935236e-01
'unknown';17.140000;2.559616e+02;7.971239e-01;2.435914e-01
'unknown';17.150000;1.262367e+02;7.659267e-01;2.647718e-01
'unknown';17.160000;9.696503e+01;7.410330e-01;2.673050e-01
'unknown';17.170000;7.231042e+01;7.423210e-01;2.322123e-01
'unknown';17.180000;7.303543e+01;7.522941e-01;1.782735e-01
'unknown';17.190000;7.309976e+01;7.715182e-01;1.504157e-01
'unknown';17.200000;4.751454e+01;5.103568e-01;1.287366e-01
'unknown';17.210000;2.192932e+01;2.581611e-01;1.242392e-01
'unknown';17.220000;0;0;8.899719e-02
'unknown';17.230000;0;0;1.036543e-01
'unknown';17.240000;0;0;1.164855e-01
'unknown';17.250000;0;0;1.100987e-01
'unknown';17.260000;0;0;7.563650e-02
'unknown';17.270000;0;0;4.381023e-02
'unknown';17.280000;0;0;4.156448e-02
'unknown';17.290000;0;0;6.492081e-02
'unknown';17.300000;0;0;8.803501e-02
'unknown';17.310000;0;0;1.436002e-01
'unknown';17.320000;0;0;1.406928e-01
'unknown';17.330000;0;0;1.097099e-01
'unknown';17.340000;0;2.529792e-01;8.183957e-02
'unknown';17.350000;0;2.529792e-01;5.218314e-02
'unknown';17.360000;0;2.529792e-01;5.972903e-02
'unknown';17.370000;0;0;4.799533e-02
'unknown';17.380000;0;0;4.434720e-02
'unknown';17.390000;2.534215e+01;2.463148e-01;3.725095e-02
'unknown';17.400000;8.733212e+01;5.142893e-01;3.134256e-02
'unknown';17.410000;1.485172e+02;7.822149e-01;3.690987e-02
'unknown';17.420000;1.826641e+02;8.070118e-01;3.900787e-02
'unknown';17.430000;1.792203e+02;8.105354e-01;1.198506e-01
'unknown';17.440000;1.763568e+02;8.150327e-01;1.995703e-01
'unknown';17.450000;1.750883e+02;8.229648e-01;2.643245e-01
'unknown';17.460000;1.746525e+02;8.386216e-01;2.267783e-01
'unknown';17.470000;1.742843e+02;8.565803e-01;1.791031e-01
'unknown';17.480000;1.738389e+02;8.666649e-01;1.764359e-01
'unknown';17.490000;1.733349e+02;8.702116e-01;2.094681e-01
'unknown';17.500000;1.728809e+02;8.679826e-01;2.014008e-01
'unknown';17.510000;1.723878e+02;8.599701e-01;1.523186e-01
'unknown';17.520000;1.717509e+02;8.404534e-01;1.866437e-01
'unknown';17.530000;1.709131e+02;8.222049e-01;2.084122e-01
'unknown';17.540000;1.696350e+02;8.178948e-01;2.091748e-01
'unknown';17.550000;1.683274e+02;8.223295e-01;2.061536e-01
'unknown';17.560000;1.669661e+02;8.308759e-01;2.137519e-01
'unknown';17.570000;1.658066e+02;8.349186e-01;2.450987e-01
'unknown';17.580000;1.649550e+02;8.427771e-01;2.283751e-01
'unknown';17.590000;1.647389e+02;8.424719e-01;2.412999e-01
'unknown';17.600000;1.651379e+02;8.363431e-01;2.283093e-01
'unknown';17.610000;1.657092e+02;8.302290e-01;1.847920e-01
'unknown';17.620000;1.667225e+02;8.269652e-01;1.797071e-01
'unknown';17.630000;1.681913e+02;8.318850e-01;1.663453e-01
'unknown';17.640000;1.695957e+02;8.376822e-01;1.584312e-01
'unknown';17.650000;1.701635e+02;8.479597e-01;1.123221e-01
'unknown';17.660000;1.701435e+02;8.493946e-01;1.238653e-01
'unknown';17.670000;1.706977e+02;8.445467e-01;1.609400e-01
'unknown';17.680000;1.720255e+02;8.357949e-01;1.927390e-01
'unknown';17.690000;1.742345e+02;8.271198e-01;2.087564e-01
'unknown';17.700000;1.776197e+02;8.146966e-01;1.345189e-01
'unknown';17.710000;1.825320e+02;8.036883e-01;1.688765e-01
'unknown';17.720000;1.879852e+02;8.016304e-01;2.010852e-01
'unknown';17.730000;1.928909e+02;8.098313e-01;2.246346e-01
'unknown';17.740000;1.961907e+02;8.133133e-01;1.510658e-01
'unknown';17.750000;2.645016e+02;8.088318e-01;1.494780e-01
'unknown';17.760000;3.311072e+02;7.906707e-01;1.545330e-01
'unknown';17.770000;2.865494e+02;7.770365e-01;2.231527e-01
'unknown';17.780000;1.538840e+02;5.111766e-01;1.584371e-01
'unknown';17.790000;2.164733e+01;2.552468e-01;1.680817e-01
'unknown';17.800000;0;0;1.090918e-01
'unknown';17.810000;0;0;1.025043e-01
'unknown';17.820000;0;0;6.124064e-02
'unknown';17.830000;0;2.565700e-01;4.706449e-02
'unknown';17.840000;0;2.565700e-01;5.008610e-02
'unknown';17.850000;0;2.565700e-01;7.258336e-02
'unknown';17.860000;0;2.713289e-01;1.093131e-01
'unknown';17.870000;0;2.713289e-01;1.305867e-01
'unknown';17.880000;0;2.713289e-01;1.033658e-01
'unknown';17.890000;0;0;7.622318e-02
'unknown';17.900000;0;0;4.231311e-02
'unknown';17.910000;0;0;5.867925e-02
'unknown';17.920000;0;0;7.371298e-02
'unknown';17.930000;0;0;1.051671e-01
'unknown';17.940000;0;0;8.477310e-02
'unknown';17.950000;0;0;8.947432e-02
'unknown';17.960000;0;0;9.061957e-02
'unknown';17.970000;0;0;9.226399e-02
'unknown';17.980000;1.784196e+01;2.513959e-01;7.283522e-02
'unknown';17.990000;3.599324e+01;4.996749e-01;4.753613e-02
'unknown';18.000000;1.034265e+02;7.666461e-01;6.264244e-02
'unknown';18.010000;1.512708e+02;7.807148e-01;7.884273e-02
'unknown';18.020000;1.971275e+02;8.071325e-01;6.815315e-02
'unknown';18.030000;1.923992e+02;8.162289e-01;8.983112e-02
'unknown';18.040000;1.887480e+02;8.245404e-01;1.043951e-01
'unknown';18.050000;1.861871e+02;8.266497e-01;1.372812e-01
'unknown';18.060000;1.844378e+02;8.284323e-01;2.145470e-01
'unknown';18.070000;1.831132e+02;8.340388e-01;2.540702e-01
'unknown';18.080000;1.822653e+02;8.399709e-01;2.809680e-01
'unknown';18.090000;1.819296e+02;8.465768e-01;2.329713e-01
'unknown';18.100000;1.819539e+02;8.533898e-01;1.942757e-01
'unknown';18.110000;1.821942e+02;8.560186e-01;1.801666e-01
'unknown';18.120000;1.827412e+02;8.581284e-01;1.843493e-01
'unknown';18.130000;1.839473e+02;8.567517e-01;2.524426e-01
'unknown';18.140000;1.858426e+02;8.552269e-01;3.230484e-01
'unknown';18.150000;1.882183e+02;8.532019e-01;2.960981e-01
'unknown';18.160000;1.907465e+02;8.537924e-01;2.027898e-01
'unknown';18.170000;1.926561e+02;8.519571e-01;1.167493e-01
'unknown';18.180000;1.934491e+02;8.424667e-01;1.370373e-01
'unknown';18.190000;1.931525e+02;8.231614e-01;2.289223e-01
'unknown';18.200000;1.926851e+02;8.027113e-01;2.440263e-01
'unknown';18.210000;1.915455e+02;7.797491e-01;2.793715e-01
'unknown';18.220000;1.273731e+02;5.136448e-01;1.697444e-01
'unknown';18.230000;6.319616e+01;2.520878e-01;1.426610e-01
'unknown';18.240000;0;0;5.012880e-02
'unknown';18.250000;0;0;7.851864e-02
'unknown';18.260000;0;0;1.183390e-01
'unknown';18.270000;0;0;1.124590e-01
'unknown';18.280000;0;0;8.645258e-02
'unknown';18.290000;5.359979e+01;2.592599e-01;5.943890e-02
'unknown';18.300000;1.085105e+02;5.309009e-01;9.203827e-02
'unknown';18.310000;1.643622e+02;8.078153e-01;1.033702e-01
'unknown';18.320000;1.669654e+02;8.162228e-01;1.128589e-01
'unknown';18.330000;1.397869e+02;7.954467e-01;1.103502e-01
'unknown';18.340000;8.393519e+01;5.185323e-01;1.463824e-01
'unknown';18.350000;2.773223e+01;2.508649e-01;1.209752e-01
'unknown';18.360000;0;0;1.065601e-01
'unknown';18.370000;0;0;8.953915e-02
'unknown';18.380000;0;0;1.044216e-01
'unknown';18.390000;0;0;1.089354e-01
'unknown';18.400000;0;0;9.784710e-02
'unknown';18.410000;0;0;7.952113e-02
'unknown';18.420000;0;0;6.988422e-02
'unknown';18.430000;0;0;7.744814e-02
'unknown';18.440000;0;0;6.862526e-02
'unknown';18.450000;2.296058e+01;2.534046e-01;6.605468e-02
'unknown';18.460000;8.143000e+01;5.198309e-01;7.108352e-02
'unknown';18.470000;1.395948e+02;7.959878e-01;9.802280e-02
'unknown';18.480000;1.737523e+02;8.177056e-01;8.347925e-02
'unknown';18.490000;1.707584e+02;8.333022e-01;8.621114e-02
'unknown';18.500000;1.678985e+02;8.424765e-01;1.114161e-01
'unknown';18.510000;1.665783e+02;8.504487e-01;2.099732e-01
'unknown';18.520000;1.676688e+02;8.470297e-01;1.907522e-01
'unknown';18.530000;1.694386e+02;8.361375e-01;2.089685e-01
'unknown';18.540000;1.712820e+02;8.245712e-01;1.860782e-01
'unknown';18.550000;1.435476e+02;8.011325e-01;2.352894e-01
'unknown';18.560000;8.647301e+01;5.266938e-01;2.112712e-01
'unknown';18.570000;2.883167e+01;2.551653e-01;1.906447e-01
'unknown';18.580000;0;0;1.409204e-01
'unknown';18.590000;0;2.534849e-01;1.267313e-01
'unknown';18.600000;0;2.534849e-01;9.891555e-02
'unknown';18.610000;0;2.534849e-01;1.009310e-01
'unknown';18.620000;0;0;6.521429e-02
'unknown';18.630000;0;0;4.455138e-02
'unknown';18.640000;0;0;4.013935e-02
'unknown';18.650000;0;0;4.563675e-02
'unknown';18.660000;0;0;7.310926e-02
'unknown';18.670000;1.876439e+01;2.544836e-01;4.882225e-02
'unknown';18.680000;3.739146e+01;5.107712e-01;7.629210e-02
'unknown';18.690000;5.603268e+01;7.675929e-01;5.239226e-02
'unknown';18.700000;6.506870e+01;7.728485e-01;1.138431e-01
'unknown';18.710000;7.400529e+01;7.821944e-01;1.087977e-01
'unknown';18.720000;8.255558e+01;7.842317e-01;1.261229e-01
'unknown';18.730000;5.475517e+01;5.244926e-01;1.190353e-01
'unknown';18.740000;5.320268e+01;5.133927e-01;1.399066e-01
'unknown';18.750000;7.789742e+01;5.227781e-01;1.310633e-01
'unknown';18.760000;1.291647e+02;7.863836e-01;1.388882e-01
'unknown';18.770000;1.288528e+02;7.884811e-01;1.182370e-01
'unknown';18.780000;1.023960e+02;7.783108e-01;1.249202e-01
'unknown';18.790000;5.112873e+01;5.147052e-01;1.047226e-01
'unknown';18.800000;7.439129e+01;5.171333e-01;8.994677e-02
'unknown';18.810000;9.778640e+01;5.178304e-01;7.919087e-02
'unknown';18.820000;1.468215e+02;7.767079e-01;6.711219e-02
'unknown';18.830000;1.223575e+02;7.782526e-01;7.605933e-02
'unknown';18.840000;9.788126e+01;7.774563e-01;1.115097e-01
'unknown';18.850000;9.705405e+01;7.785209e-01;8.675050e-02
'unknown';18.860000;1.199899e+02;7.844996e-01;1.298452e-01
'unknown';18.870000;1.421261e+02;7.908037e-01;1.124241e-01
'unknown';18.880000;1.169586e+02;7.856402e-01;1.743282e-01
'unknown';18.890000;6.952494e+01;5.190575e-01;1.485485e-01
'unknown';18.900000;2.304044e+01;2.547787e-01;1.549474e-01
'unknown';18.910000;0;0;1.124514e-01
'unknown';18.920000;0;0;8.240511e-02
'unknown';18.930000;0;0;7.767338e-02
'unknown';18.940000;0;0;8.131665e-02
'unknown';18.950000;0;0;1.034832e-01
'unknown';18.960000;0;0;9.148061e-02
'unknown';18.970000;0;0;1.025353e-01
'unknown';18.980000;0;0;7.922628e-02
'unknown';18.990000;0;0;7.050342e-02
'unknown';19.000000;0;0;5.441457e-02
'unknown';19.010000;0;0;4.729291e-02
'unknown';19.020000;0;2.715041e-01;5.731982e-02
'unknown';19.030000;0;2.715041e-01;8.074578e-02
'unknown';19.040000;0;2.715041e-01;1.012404e-01
'unknown';19.050000;0;0;1.111117e-01
'unknown';19.060000;2.447238e+01;2.455507e-01;8.907666e-02
'unknown';19.070000;4.716161e+01;4.875746e-01;7.321120e-02
'unknown';19.080000;4.716161e+01;4.875746e-01;4.685038e-02
'unknown';19.090000;2.268923e+01;2.420239e-01;6.708129e-02
'unknown';19.100000;0;0;8.243995e-02
'unknown';19.110000;0;0;7.787957e-02
'unknown';19.120000;0;0;6.464481e-02
'unknown';19.130000;0;0;6.438904e-02
'unknown';19.140000;0;0;6.894942e-02
'unknown';19.150000;0;0;6.167935e-02
'unknown';19.160000;0;0;3.989122e-02
'unknown';19.170000;0;0;5.612336e-02
'unknown';19.180000;0;0;6.028870e-02
'unknown';19.190000;2.193950e+01;2.592362e-01;8.552394e-02
'unknown';19.200000;4.382961e+01;5.183343e-01;8.993339e-02
'unknown';19.210000;4.382961e+01;5.183343e-01;1.182201e-01
'unknown';19.220000;2.189011e+01;2.590982e-01;1.290546e-01
'unknown';19.230000;2.104364e+01;2.641534e-01;1.374197e-01
'unknown';19.240000;4.196772e+01;5.219977e-01;9.895816e-02
'unknown';19.250000;4.196772e+01;5.219977e-01;8.202266e-02
'unknown';19.260000;2.092408e+01;2.578444e-01;7.526243e-02
'unknown';19.270000;2.052763e+01;2.623860e-01;7.718938e-02
'unknown';19.280000;4.081898e+01;5.171172e-01;8.035327e-02
'unknown';19.290000;4.081898e+01;5.171172e-01;6.036027e-02
'unknown';19.300000;2.029135e+01;2.547311e-01;4.015582e-02
'unknown';19.310000;0;0;4.888844e-02
'unknown';19.320000;0;0;5.011958e-02
'unknown';19.330000;2.076374e+01;2.646593e-01;6.282451e-02
'unknown';19.340000;4.192778e+01;5.386537e-01;6.786349e-02
'unknown';19.350000;6.331218e+01;8.111790e-01;1.219576e-01
'unknown';19.360000;6.390480e+01;8.164237e-01;1.441564e-01
'unknown';19.370000;6.396362e+01;8.108782e-01;1.333220e-01
'unknown';19.380000;4.257921e+01;5.383529e-01;1.158710e-01
'unknown';19.390000;2.122286e+01;2.684490e-01;1.242802e-01
'unknown';19.400000;0;1.269506e-01;1.195290e-01
'unknown';19.410000;0;1.269506e-01;8.976970e-02
'unknown';19.420000;0;1.269506e-01;5.916171e-02
'unknown';19.430000;0;0;8.979414e-02
'unknown';19.440000;0;0;1.316022e-01
'unknown';19.450000;0;0;1.667289e-01
'unknown';19.460000;0;0;1.600203e-01
'unknown';19.470000;3.923198e+01;2.489846e-01;1.366512e-01
'unknown';19.480000;7.835880e+01;4.966202e-01;1.228525e-01
'unknown';19.490000;1.284767e+02;7.464841e-01;8.512976e-02
'unknown';19.500000;1.393626e+02;7.527675e-01;1.043108e-01
'unknown';19.510000;1.540216e+02;7.696974e-01;1.422454e-01
'unknown';19.520000;1.592698e+02;7.929007e-01;1.766462e-01
'unknown';19.530000;1.662993e+02;8.088730e-01;1.701225e-01
'unknown';19.540000;1.711481e+02;8.192475e-01;1.952806e-01
'unknown';19.550000;1.753442e+02;8.258440e-01;2.080920e-01
'unknown';19.560000;1.786245e+02;8.368599e-01;3.352947e-01
'unknown';19.570000;1.814181e+02;8.487367e-01;3.939046e-01
'unknown';19.580000;1.839822e+02;8.608312e-01;3.701881e-01
'unknown';19.590000;1.861092e+02;8.723907e-01;3.457666e-01
'unknown';19.600000;1.876964e+02;8.818060e-01;4.356135e-01
'unknown';19.610000;1.892257e+02;8.830165e-01;6.720483e-01
'unknown';19.620000;1.910909e+02;8.833394e-01;6.734841e-01
'unknown';19.630000;1.933370e+02;8.838458e-01;6.080348e-01
'unknown';19.640000;1.957129e+02;8.873572e-01;3.531804e-01
'unknown';19.650000;1.981205e+02;8.912401e-01;3.719972e-01
'unknown';19.660000;2.003234e+02;8.920800e-01;3.205953e-01
'unknown';19.670000;2.025616e+02;8.914330e-01;4.064808e-01
'unknown';19.680000;2.047616e+02;8.909500e-01;3.276706e-01
'unknown';19.690000;2.067452e+02;8.904012e-01;2.843468e-01
'unknown';19.700000;2.078207e+02;8.933857e-01;2.704733e-01
'unknown';19.710000;2.079271e+02;8.949795e-01;2.466998e-01
'unknown';19.720000;2.074532e+02;8.976128e-01;3.117910e-01
'unknown';19.730000;2.067730e+02;8.987611e-01;5.043018e-01
'unknown';19.740000;2.056147e+02;8.961635e-01;5.980372e-01
'unknown';19.750000;2.035785e+02;8.907376e-01;7.136064e-01
'unknown';19.760000;2.005415e+02;8.822751e-01;5.150551e-01
'unknown';19.770000;1.965852e+02;8.715587e-01;4.670799e-01
'unknown';19.780000;1.920899e+02;8.663620e-01;4.029750e-01
'unknown';19.790000;1.875911e+02;8.613645e-01;4.430355e-01
'unknown';19.800000;1.838045e+02;8.642122e-01;6.191461e-01
'unknown';19.810000;1.810462e+02;8.651969e-01;5.035381e-01
'unknown';19.820000;1.794733e+02;8.680580e-01;4.668290e-01
'unknown';19.830000;1.786017e+02;8.645930e-01;3.163891e-01
'unknown';19.840000;1.774310e+02;8.524673e-01;3.002548e-01
'unknown';19.850000;1.753070e+02;8.379328e-01;3.500289e-01
'unknown';19.860000;1.726366e+02;8.262966e-01;2.968826e-01
'unknown';19.870000;1.693754e+02;8.042026e-01;3.133706e-01
'unknown';19.880000;1.661004e+02;7.833667e-01;2.045563e-01
'unknown';19.890000;1.632925e+02;7.727315e-01;1.971542e-01
'unknown';19.900000;1.625312e+02;7.786047e-01;1.449157e-01
'unknown';19.910000;1.640087e+02;7.933573e-01;1.422799e-01
'unknown';19.920000;1.660085e+02;8.018168e-01;1.858533e-01
'unknown';19.930000;1.669077e+02;8.074762e-01;2.767382e-01
'unknown';19.940000;1.649190e+02;7.953022e-01;3.356678e-01
'unknown';19.950000;1.090363e+02;5.239134e-01;3.859249e-01
'unknown';19.960000;7.367547e+01;5.123926e-01;4.199414e-01
'unknown';19.970000;3.999776e+01;5.093802e-01;4.258390e-01
'unknown';19.980000;5.944994e+01;7.586870e-01;3.284504e-01
'unknown';19.990000;3.942057e+01;5.028700e-01;2.354348e-01
'unknown';20.000000;4.202682e+01;4.962706e-01;2.109857e-01
'unknown';20.010000;4.524396e+01;4.951042e-01;1.904973e-01
'unknown';20.020000;6.752142e+01;7.417830e-01;2.064189e-01
'unknown';20.030000;7.003216e+01;7.426921e-01;1.607368e-01
'unknown';20.040000;9.689133e+01;7.419145e-01;1.340065e-01
'unknown';20.050000;1.216674e+02;7.609356e-01;1.122870e-01
'unknown';20.060000;1.423358e+02;7.876337e-01;1.477141e-01
'unknown';20.070000;1.373821e+02;8.116166e-01;1.295727e-01
'unknown';20.080000;1.343809e+02;8.215739e-01;1.424381e-01
'unknown';20.090000;1.322151e+02;8.237193e-01;2.422114e-01
'unknown';20.100000;1.308561e+02;8.314738e-01;3.402629e-01
'unknown';20.110000;1.297567e+02;8.341445e-01;3.034428e-01
'unknown';20.120000;1.288431e+02;8.356175e-01;3.546767e-01
'unknown';20.130000;1.281659e+02;8.352401e-01;3.371101e-01
'unknown';20.140000;1.277779e+02;8.364310e-01;3.114333e-01
'unknown';20.150000;1.276577e+02;8.348839e-01;1.766378e-01
'unknown';20.160000;1.274726e+02;8.212035e-01;2.671115e-01
'unknown';20.170000;1.278425e+02;7.968151e-01;3.403977e-01
'unknown';20.180000;1.294268e+02;7.934682e-01;3.667364e-01
'unknown';20.190000;1.311000e+02;8.072968e-01;2.370861e-01
'unknown';20.200000;1.321722e+02;8.327324e-01;3.021462e-01
'unknown';20.210000;1.321684e+02;8.388850e-01;3.149002e-01
'unknown';20.220000;1.324968e+02;8.395265e-01;3.416608e-01
'unknown';20.230000;1.330226e+02;8.374610e-01;3.465247e-01
'unknown';20.240000;1.336183e+02;8.348953e-01;2.725084e-01
'unknown';20.250000;1.342403e+02;8.280883e-01;3.246324e-01
'unknown';20.260000;1.349399e+02;8.208733e-01;3.496872e-01
'unknown';20.270000;1.353701e+02;8.027645e-01;3.332911e-01
'unknown';20.280000;1.346435e+02;7.846642e-01;2.611029e-01
'unknown';20.290000;8.941107e+01;5.133788e-01;1.972381e-01
'unknown';20.300000;4.425066e+01;2.546052e-01;2.155064e-01
'unknown';20.310000;0;0;1.968570e-01
'unknown';20.320000;0;0;1.112023e-01
'unknown';20.330000;0;0;1.362778e-01
'unknown';20.340000;2.155787e+01;2.440688e-01;1.618600e-01
'unknown';20.350000;4.377290e+01;4.822288e-01;1.890831e-01
'unknown';20.360000;1.003417e+02;7.431404e-01;1.481790e-01
'unknown';20.370000;1.321420e+02;7.595604e-01;9.848724e-02
'unknown';20.380000;1.624820e+02;7.800465e-01;5.669067e-02
'unknown';20.390000;1.059132e+02;5.191350e-01;1.579003e-01
'unknown';20.400000;5.255502e+01;2.586461e-01;2.301130e-01
'unknown';20.410000;0;0;2.268525e-01
'unknown';20.420000;0;0;1.190999e-01
'unknown';20.430000;0;0;8.119085e-02
'unknown';20.440000;0;0;1.379350e-01
'unknown';20.450000;4.839778e+01;2.619197e-01;1.615209e-01
'unknown';20.460000;9.564204e+01;5.278402e-01;1.231140e-01
'unknown';20.470000;1.417572e+02;7.824895e-01;6.346095e-02
'unknown';20.480000;1.360248e+02;7.854759e-01;9.795702e-02
'unknown';20.490000;1.297260e+02;7.904887e-01;1.078548e-01
'unknown';20.500000;1.238904e+02;8.068278e-01;1.704925e-01
'unknown';20.510000;1.213695e+02;8.175711e-01;1.836461e-01
'unknown';20.520000;1.204151e+02;8.188151e-01;2.817800e-01
'unknown';20.530000;1.196839e+02;8.176306e-01;3.220994e-01
'unknown';20.540000;1.187246e+02;7.975945e-01;3.188815e-01
'unknown';20.550000;7.873357e+01;5.254171e-01;2.797095e-01
'unknown';20.560000;3.918523e+01;2.556131e-01;2.921629e-01
'unknown';20.570000;0;0;2.433597e-01
'unknown';20.580000;0;2.593497e-01;2.170063e-01
'unknown';20.590000;0;2.593497e-01;1.258136e-01
'unknown';20.600000;0;2.593497e-01;1.348120e-01
'unknown';20.610000;0;0;9.303680e-02
'unknown';20.620000;0;0;1.113075e-01
'unknown';20.630000;0;0;7.351276e-02
'unknown';20.640000;4.174484e+01;2.550157e-01;9.676673e-02
'unknown';20.650000;8.247989e+01;5.188932e-01;6.794702e-02
'unknown';20.660000;1.220944e+02;7.839546e-01;1.584156e-01
'unknown';20.670000;1.182122e+02;7.956247e-01;2.125477e-01
'unknown';20.680000;1.146818e+02;8.030146e-01;2.516964e-01
'unknown';20.690000;1.119135e+02;8.039873e-01;1.761567e-01
'unknown';20.700000;1.107814e+02;8.035724e-01;1.092500e-01
'unknown';20.710000;1.104163e+02;8.052509e-01;5.090304e-02
'unknown';20.720000;1.104788e+02;8.083466e-01;8.116645e-02
'unknown';20.730000;1.106975e+02;8.118698e-01;1.365165e-01
'unknown';20.740000;1.109263e+02;8.111772e-01;1.969074e-01
'unknown';20.750000;1.112392e+02;8.152388e-01;2.745551e-01
'unknown';20.760000;1.115218e+02;8.168192e-01;2.403531e-01
'unknown';20.770000;1.114475e+02;8.074951e-01;2.685780e-01
'unknown';20.780000;1.107297e+02;7.951308e-01;1.800956e-01
'unknown';20.790000;1.097467e+02;7.895430e-01;2.165967e-01
'unknown';20.800000;1.093185e+02;7.945845e-01;1.404227e-01
'unknown';20.810000;1.096021e+02;8.026373e-01;1.726732e-01
'unknown';20.820000;1.100560e+02;8.015733e-01;1.109383e-01
'unknown';20.830000;1.101689e+02;7.990416e-01;1.446577e-01
'unknown';20.840000;1.103392e+02;7.992983e-01;1.445251e-01
'unknown';20.850000;1.112154e+02;7.989061e-01;2.164095e-01
'unknown';20.860000;1.125176e+02;7.970461e-01;1.891569e-01
'unknown';20.870000;7.555985e+01;5.279095e-01;1.788318e-01
'unknown';20.880000;3.798089e+01;2.635790e-01;1.478506e-01
'unknown';20.890000;0;2.428796e-01;1.786100e-01
'unknown';20.900000;0;2.428796e-01;1.523291e-01
'unknown';20.910000;0;2.428796e-01;1.128389e-01
'unknown';20.920000;0;2.592802e-01;1.264083e-01
'unknown';20.930000;0;2.592802e-01;1.318705e-01
'unknown';20.940000;0;5.199224e-01;1.544555e-01
'unknown';20.950000;0;2.606422e-01;1.139822e-01
'unknown';20.960000;0;2.606422e-01;1.014587e-01
'unknown';20.970000;0;0;7.033566e-02
'unknown';20.980000;0;0;7.237617e-02
'unknown';20.990000;0;0;6.741002e-02
'unknown';21.000000;0;0;9.941784e-02
'unknown';21.010000;0;0;1.186944e-01
'unknown';21.020000;0;0;1.148535e-01
'unknown';21.030000;0;0;8.938863e-02
'unknown';21.040000;0;0;4.706070e-02
'unknown';21.050000;0;0;7.808434e-02
'unknown';21.060000;0;0;9.824973e-02
'unknown';21.070000;0;5.752457e-02;1.066309e-01
'unknown';21.080000;0;5.752457e-02;7.399277e-02
'unknown';21.090000;0;3.221501e-01;6.540331e-02
'unknown';21.100000;0;2.646256e-01;9.935006e-02
'unknown';21.110000;0;2.646256e-01;1.262290e-01
'unknown';21.120000;0;0;1.251091e-01
'unknown';21.130000;0;2.647498e-01;9.195891e-02
'unknown';21.140000;0;2.647498e-01;6.227535e-02
'unknown';21.150000;0;2.647498e-01;5.436438e-02
'unknown';21.160000;0;0;5.992586e-02
'unknown';21.170000;0;0;1.083878e-01
'unknown';21.180000;2.168624e+01;2.564507e-01;1.180788e-01
'unknown';21.190000;4.259729e+01;5.134758e-01;1.213568e-01
'unknown';21.200000;6.274582e+01;7.701105e-01;7.854506e-02
'unknown';21.210000;4.105958e+01;5.136599e-01;5.939168e-02
'unknown';21.220000;2.014854e+01;2.566347e-01;5.132021e-02
'unknown';21.230000;0;0;6.129009e-02
'unknown';21.240000;0;0;5.846813e-02
'unknown';21.250000;0;0;7.997303e-02
'unknown';21.260000;1.824365e+01;2.558458e-01;6.939377e-02
'unknown';21.270000;3.647046e+01;4.940923e-01;8.556951e-02
'unknown';21.280000;1.029408e+02;7.710459e-01;6.978597e-02
'unknown';21.290000;1.505081e+02;7.994396e-01;9.831854e-02
'unknown';21.300000;1.975917e+02;8.494887e-01;1.336567e-01
'unknown';21.310000;1.956531e+02;8.605432e-01;2.098531e-01
'unknown';21.320000;1.931584e+02;8.641379e-01;2.373427e-01
'unknown';21.330000;1.895877e+02;8.614540e-01;2.972428e-01
'unknown';21.340000;1.844161e+02;8.544628e-01;3.484314e-01
'unknown';21.350000;1.769297e+02;8.425530e-01;3.934373e-01
'unknown';21.360000;1.681589e+02;8.293300e-01;4.254821e-01
'unknown';21.370000;1.594250e+02;8.194469e-01;4.356267e-01
'unknown';21.380000;1.509705e+02;8.181434e-01;4.463117e-01
'unknown';21.390000;1.440064e+02;8.261736e-01;4.020648e-01
'unknown';21.400000;1.383924e+02;8.300721e-01;4.002459e-01
'unknown';21.410000;1.355467e+02;8.350247e-01;4.282520e-01
'unknown';21.420000;1.338145e+02;8.345743e-01;4.181910e-01
'unknown';21.430000;1.331179e+02;8.419788e-01;3.988883e-01
'unknown';21.440000;1.331296e+02;8.459117e-01;3.336925e-01
'unknown';21.450000;1.339149e+02;8.477235e-01;3.837394e-01
'unknown';21.460000;1.355909e+02;8.414417e-01;3.488902e-01
'unknown';21.470000;1.389742e+02;8.307416e-01;4.118874e-01
'unknown';21.480000;1.441304e+02;8.197557e-01;3.835454e-01
'unknown';21.490000;1.496148e+02;8.177352e-01;3.759820e-01
'unknown';21.500000;1.531442e+02;7.950241e-01;3.215857e-01
'unknown';21.510000;1.243384e+02;7.728455e-01;3.365462e-01
'unknown';21.520000;9.473638e+01;7.458649e-01;3.195388e-01
'unknown';21.530000;1.124339e+02;7.496123e-01;2.671515e-01
'unknown';21.540000;1.617011e+02;7.714490e-01;1.356307e-01
'unknown';21.550000;2.131545e+02;7.904568e-01;1.517481e-01
'unknown';21.560000;2.193339e+02;8.102739e-01;1.381370e-01
'unknown';21.570000;2.245400e+02;8.123939e-01;2.027297e-01
'unknown';21.580000;2.266588e+02;8.127768e-01;1.854680e-01
'unknown';21.590000;2.257159e+02;8.008347e-01;1.521644e-01
'unknown';21.600000;1.498343e+02;5.282621e-01;1.719930e-01
'unknown';21.610000;7.438815e+01;2.617176e-01;1.592641e-01
'unknown';21.620000;0;0;2.162309e-01
'unknown';21.630000;0;0;1.776492e-01
'unknown';21.640000;0;2.618653e-01;1.461863e-01
'unknown';21.650000;0;2.618653e-01;1.086165e-01
'unknown';21.660000;2.406394e+01;5.248424e-01;1.054230e-01
'unknown';21.670000;4.836603e+01;5.261002e-01;1.116080e-01
'unknown';21.680000;4.836603e+01;5.261002e-01;1.279271e-01
'unknown';21.690000;2.430208e+01;2.631232e-01;1.032699e-01
'unknown';21.700000;0;0;1.171891e-01
'unknown';21.710000;0;0;1.195084e-01
'unknown';21.720000;0;0;1.122091e-01
'unknown';21.730000;0;0;6.959420e-02
'unknown';21.740000;2.392425e+01;2.619627e-01;3.155885e-02
'unknown';21.750000;4.939332e+01;5.308826e-01;3.830826e-02
'unknown';21.760000;7.490054e+01;7.926962e-01;6.013436e-02
'unknown';21.770000;5.097629e+01;5.307335e-01;7.925101e-02
'unknown';21.780000;2.550722e+01;2.618136e-01;9.184345e-02
'unknown';21.790000;0;0;6.229892e-02
'unknown';21.800000;0;0;6.779068e-02
'unknown';21.810000;0;0;4.946472e-02
'unknown';21.820000;0;0;8.465567e-02
'unknown';21.830000;0;0;6.841627e-02
'unknown';21.840000;0;0;6.705280e-02
'unknown';21.850000;0;0;5.390596e-02
'unknown';21.860000;1.949214e+01;2.642288e-01;8.338230e-02
'unknown';21.870000;4.101194e+01;5.276918e-01;1.028621e-01
'unknown';21.880000;6.359935e+01;7.926126e-01;1.249928e-01
'unknown';21.890000;4.410721e+01;5.283838e-01;1.222697e-01
'unknown';21.900000;4.349064e+01;5.288265e-01;1.054521e-01
'unknown';21.910000;4.323067e+01;5.199056e-01;7.954812e-02
'unknown';21.920000;4.323067e+01;5.199056e-01;7.914887e-02
'unknown';21.930000;2.232743e+01;2.559997e-01;9.066561e-02
'unknown';21.940000;0;0;8.368590e-02
'unknown';21.950000;0;2.670112e-01;5.733192e-02
'unknown';21.960000;0;2.670112e-01;4.095681e-02
'unknown';21.970000;0;2.670112e-01;5.636713e-02
'unknown';21.980000;0;0;5.913514e-02
'unknown';21.990000;0;0;5.951580e-02
'unknown';22.000000;0;0;6.738370e-02
'unknown';22.010000;0;0;7.084507e-02
'unknown';22.020000;0;0;7.626025e-02
'unknown';22.030000;2.329617e+01;2.526971e-01;6.508491e-02
'unknown';22.040000;4.489786e+01;5.171437e-01;6.508491e-02
'unknown';22.050000;4.489786e+01;5.171437e-01;7.969035e-02
'unknown';22.060000;2.160169e+01;2.644465e-01;8.200807e-02
'unknown';22.070000;0;0;7.535035e-02
'unknown';22.080000;0;0;8.087128e-02
'unknown';22.090000;0;0;7.312112e-02
'unknown';22.100000;0;0;7.556241e-02
'unknown';22.110000;2.296594e+01;2.379051e-01;5.252691e-02
'unknown';22.120000;4.605487e+01;4.788241e-01;7.158131e-02
'unknown';22.130000;4.605487e+01;4.788241e-01;8.629424e-02
'unknown';22.140000;4.681058e+01;4.955687e-01;8.222368e-02
'unknown';22.150000;4.539125e+01;5.061439e-01;6.697583e-02
'unknown';22.160000;6.443983e+01;7.690625e-01;5.148108e-02
'unknown';22.170000;5.866713e+01;7.804701e-01;5.188313e-02
'unknown';22.180000;3.699753e+01;5.289759e-01;8.191346e-02
'unknown';22.190000;3.746292e+01;5.277379e-01;1.124026e-01
'unknown';22.200000;3.875480e+01;5.181397e-01;1.473405e-01
'unknown';22.210000;6.273112e+01;7.650812e-01;1.125562e-01
'unknown';22.220000;1.147756e+02;7.791262e-01;7.533993e-02
'unknown';22.230000;1.658559e+02;7.882614e-01;4.540023e-02
'unknown';22.240000;2.110167e+02;8.153000e-01;4.696308e-02
'unknown';22.250000;2.080251e+02;8.235476e-01;1.217878e-01
'unknown';22.260000;2.048418e+02;8.423651e-01;2.180829e-01
'unknown';22.270000;2.015121e+02;8.508900e-01;3.121025e-01
'unknown';22.280000;1.973435e+02;8.490497e-01;3.408592e-01
'unknown';22.290000;1.931982e+02;8.459258e-01;3.462293e-01
'unknown';22.300000;1.890566e+02;8.455499e-01;3.188027e-01
'unknown';22.310000;3.045269e+02;8.525615e-01;2.505731e-01
'unknown';22.320000;4.204109e+02;8.631120e-01;2.727604e-01
'unknown';22.330000;5.372202e+02;8.738101e-01;3.499952e-01
'unknown';22.340000;5.350391e+02;8.760307e-01;3.848623e-01
'unknown';22.350000;5.331019e+02;8.704726e-01;3.620126e-01
'unknown';22.360000;4.137416e+02;8.623460e-01;3.453228e-01
'unknown';22.370000;2.953692e+02;8.568142e-01;3.738153e-01
'unknown';22.380000;1.780952e+02;8.530993e-01;3.646685e-01
'unknown';22.390000;1.790629e+02;8.441126e-01;3.521104e-01
'unknown';22.400000;1.802159e+02;8.303584e-01;2.877978e-01
'unknown';22.410000;1.807587e+02;8.079314e-01;2.816871e-01
'unknown';22.420000;1.451965e+02;7.842852e-01;2.362510e-01
'unknown';22.430000;1.059689e+02;7.660804e-01;2.647283e-01
'unknown';22.440000;6.764877e+01;7.618259e-01;2.450988e-01
'unknown';22.450000;6.285244e+01;7.699264e-01;1.931838e-01
'unknown';22.460000;6.164667e+01;7.809643e-01;1.735092e-01
'unknown';22.470000;5.982923e+01;7.927544e-01;1.485675e-01
'unknown';22.480000;5.983944e+01;7.998371e-01;1.270805e-01
'unknown';22.490000;5.952044e+01;8.037202e-01;1.321505e-01
'unknown';22.500000;5.913719e+01;8.029613e-01;1.216029e-01
'unknown';22.510000;3.940296e+01;5.357105e-01;1.460702e-01
'unknown';22.520000;4.119768e+01;5.314538e-01;1.244026e-01
'unknown';22.530000;4.297519e+01;5.251655e-01;8.141381e-02
'unknown';22.540000;4.297519e+01;5.251655e-01;7.944373e-02
'unknown';22.550000;2.146475e+01;2.606268e-01;9.381165e-02
'unknown';22.560000;0;2.668902e-01;1.248791e-01
'unknown';22.570000;0;2.668902e-01;1.137749e-01
'unknown';22.580000;0;2.668902e-01;1.197966e-01
'unknown';22.590000;2.310896e+01;2.639201e-01;1.388962e-01
'unknown';22.600000;4.114283e+01;5.230959e-01;1.768747e-01
'unknown';22.610000;4.114283e+01;5.230959e-01;1.881805e-01
'unknown';22.620000;1.803387e+01;2.591758e-01;1.560023e-01
'unknown';22.630000;7.186960e+01;2.728797e-01;1.143562e-01
'unknown';22.640000;1.438060e+02;5.535844e-01;1.341362e-01
'unknown';22.650000;2.158964e+02;8.390642e-01;1.429452e-01
'unknown';22.660000;2.160438e+02;8.500540e-01;1.741386e-01
'unknown';22.670000;2.159519e+02;8.532000e-01;9.977689e-02
'unknown';22.680000;2.156798e+02;8.548433e-01;1.119263e-01
'unknown';22.690000;2.153996e+02;8.560624e-01;1.127151e-01
'unknown';22.700000;2.149955e+02;8.588274e-01;1.496201e-01
'unknown';22.710000;2.143126e+02;8.581709e-01;1.419453e-01
'unknown';22.720000;2.133298e+02;8.550248e-01;1.543957e-01
'unknown';22.730000;2.125076e+02;8.499076e-01;1.460223e-01
'unknown';22.740000;2.119906e+02;8.434145e-01;1.969881e-01
'unknown';22.750000;2.116078e+02;8.404686e-01;1.883768e-01
'unknown';22.760000;2.110851e+02;8.375249e-01;2.481031e-01
'unknown';22.770000;2.104141e+02;8.419860e-01;2.009006e-01
'unknown';22.780000;2.098130e+02;8.499530e-01;2.395456e-01
'unknown';22.790000;2.091849e+02;8.579084e-01;2.295185e-01
'unknown';22.800000;2.083906e+02;8.572243e-01;2.269696e-01
'unknown';22.810000;2.074227e+02;8.550310e-01;2.366912e-01
'unknown';22.820000;2.064450e+02;8.563148e-01;2.475768e-01
'unknown';22.830000;2.055828e+02;8.634642e-01;2.580786e-01
'unknown';22.840000;2.051466e+02;8.687322e-01;2.142569e-01
'unknown';22.850000;2.050689e+02;8.696910e-01;2.045218e-01
'unknown';22.860000;2.048390e+02;8.637081e-01;2.462959e-01
'unknown';22.870000;2.042191e+02;8.574371e-01;2.503624e-01
'unknown';22.880000;2.034677e+02;8.514506e-01;1.820704e-01
'unknown';22.890000;2.030084e+02;8.450482e-01;1.633672e-01
'unknown';22.900000;2.027013e+02;8.400697e-01;1.510737e-01
'unknown';22.910000;2.020821e+02;8.313085e-01;2.162364e-01
'unknown';22.920000;2.008805e+02;8.219404e-01;2.200126e-01
'unknown';22.930000;1.991093e+02;8.097126e-01;2.368784e-01
'unknown';22.940000;1.971220e+02;7.946412e-01;2.389727e-01
'unknown';22.950000;2.594841e+02;7.984131e-01;2.219187e-01
'unknown';22.960000;3.220125e+02;8.114823e-01;2.283173e-01
'unknown';22.970000;3.851030e+02;8.268229e-01;1.917849e-01
'unknown';22.980000;2.563407e+02;5.539045e-01;1.616192e-01
'unknown';22.990000;1.281447e+02;2.742743e-01;1.454298e-01
'unknown';23.000000;2.174931e+01;2.579787e-01;1.447712e-01
'unknown';23.010000;4.389116e+01;5.155437e-01;1.338605e-01
'unknown';23.020000;4.389116e+01;5.155437e-01;1.016849e-01
'unknown';23.030000;2.214184e+01;2.575650e-01;6.754625e-02
'unknown';23.040000;0;2.577471e-01;8.330160e-02
'unknown';23.050000;0;2.577471e-01;7.787717e-02
'unknown';23.060000;0;5.305679e-01;1.075904e-01
'unknown';23.070000;0;2.728208e-01;9.701014e-02
'unknown';23.080000;0;2.728208e-01;1.047008e-01
'unknown';23.090000;0;0;7.876539e-02
'unknown';23.100000;0;0;1.132922e-01
'unknown';23.110000;0;0;1.128473e-01
'unknown';23.120000;0;0;1.054568e-01
'unknown';23.130000;0;0;7.994928e-02
'unknown';23.140000;0;0;7.550145e-02
'unknown';23.150000;0;2.382123e-01;9.839833e-02
'unknown';23.160000;0;2.382123e-01;7.776450e-02
'unknown';23.170000;2.705544e+01;5.006230e-01;6.562710e-02
'unknown';23.180000;5.467625e+01;5.233257e-01;6.109761e-02
'unknown';23.190000;8.203003e+01;7.798855e-01;6.018616e-02
'unknown';23.200000;5.497459e+01;5.174747e-01;8.675020e-02
'unknown';23.210000;2.735378e+01;2.565599e-01;8.697519e-02
'unknown';23.220000;0;0;1.022123e-01
'unknown';23.230000;0;0;9.794486e-02
'unknown';23.240000;2.683735e+01;2.560197e-01;8.296511e-02
'unknown';23.250000;5.556254e+01;5.042300e-01;1.106813e-01
'unknown';23.260000;5.556254e+01;5.042300e-01;7.182300e-02
'unknown';23.270000;2.872519e+01;2.482103e-01;9.412853e-02
'unknown';23.280000;0;2.264611e-01;6.870101e-02
'unknown';23.290000;0;2.264611e-01;1.120139e-01
'unknown';23.300000;0;2.264611e-01;1.150782e-01
'unknown';23.310000;0;0;1.065178e-01
'unknown';23.320000;0;0;1.061428e-01
'unknown';23.330000;0;0;7.716044e-02
'unknown';23.340000;0;0;7.347260e-02
'unknown';23.350000;0;0;6.629501e-02
'unknown';23.360000;0;0;6.289109e-02
'unknown';23.370000;0;0;7.893173e-02
'unknown';23.380000;0;2.428728e-01;6.827416e-02
'unknown';23.390000;0;2.428728e-01;7.495213e-02
'unknown';23.400000;0;2.428728e-01;5.409573e-02
'unknown';23.410000;0;0;3.844761e-02
'unknown';23.420000;0;2.585627e-01;6.148310e-02
'unknown';23.430000;0;2.585627e-01;6.148310e-02
'unknown';23.440000;0;2.585627e-01;7.871203e-02
'unknown';23.450000;0;0;5.567653e-02
'unknown';23.460000;0;0;8.294503e-02
'unknown';23.470000;0;0;6.809955e-02
'unknown';23.480000;0;0;7.038698e-02
'unknown';23.490000;0;0;8.641414e-02
'unknown';23.500000;0;0;1.059017e-01
'unknown';23.510000;3.267344e+01;2.540523e-01;1.121734e-01
'unknown';23.520000;9.923523e+01;5.191107e-01;1.067075e-01
'unknown';23.530000;1.666555e+02;7.877851e-01;1.281222e-01
'unknown';23.540000;2.019337e+02;8.123786e-01;1.242666e-01
'unknown';23.550000;2.035756e+02;8.257874e-01;1.047205e-01
'unknown';23.560000;2.042091e+02;8.289282e-01;7.123724e-02
'unknown';23.570000;2.038779e+02;8.187752e-01;9.534677e-02
'unknown';23.580000;2.027470e+02;8.126149e-01;1.388349e-01
'unknown';23.590000;2.009710e+02;8.216559e-01;1.977648e-01
'unknown';23.600000;1.987875e+02;8.333254e-01;2.604293e-01
'unknown';23.610000;1.962152e+02;8.342462e-01;2.708803e-01
'unknown';23.620000;1.936218e+02;8.172106e-01;2.809231e-01
'unknown';23.630000;1.915966e+02;8.039096e-01;2.802145e-01
'unknown';23.640000;1.908219e+02;7.971328e-01;2.391641e-01
'unknown';23.650000;1.911776e+02;7.939516e-01;1.796333e-01
'unknown';23.660000;1.916412e+02;7.997816e-01;1.025853e-01
'unknown';23.670000;1.918114e+02;8.051200e-01;9.339447e-02
'unknown';23.680000;1.921051e+02;8.108609e-01;1.279065e-01
'unknown';23.690000;1.925815e+02;8.141732e-01;1.155151e-01
'unknown';23.700000;1.922879e+02;8.244540e-01;8.871735e-02
'unknown';23.710000;1.906175e+02;8.426213e-01;1.079057e-01
'unknown';23.720000;1.881379e+02;8.511980e-01;2.155194e-01
'unknown';23.730000;1.860318e+02;8.561406e-01;3.033185e-01
'unknown';23.740000;1.847324e+02;8.578959e-01;2.820734e-01
'unknown';23.750000;1.842306e+02;8.618350e-01;2.071095e-01
'unknown';23.760000;1.841078e+02;8.645828e-01;1.426504e-01
'unknown';23.770000;1.841869e+02;8.674993e-01;1.873135e-01
'unknown';23.780000;1.843281e+02;8.610800e-01;2.648218e-01
'unknown';23.790000;1.844105e+02;8.512400e-01;3.406241e-01
'unknown';23.800000;1.849545e+02;8.355236e-01;3.536979e-01
'unknown';23.810000;1.852774e+02;8.030750e-01;3.321654e-01
'unknown';23.820000;1.238214e+02;5.231544e-01;2.841221e-01
'unknown';23.830000;1.243251e+02;5.000231e-01;1.863541e-01
'unknown';23.840000;1.267145e+02;4.990573e-01;1.117170e-01
'unknown';23.850000;1.909383e+02;7.638745e-01;8.696892e-02
'unknown';23.860000;1.935583e+02;7.887532e-01;9.786246e-02
'unknown';23.870000;1.969366e+02;8.178809e-01;1.156872e-01
'unknown';23.880000;2.019576e+02;8.322266e-01;1.799989e-01
'unknown';23.890000;2.148252e+02;8.122868e-01;1.968562e-01
'unknown';23.900000;2.252015e+02;8.071502e-01;1.927046e-01
'unknown';23.910000;2.357477e+02;8.040445e-01;1.619666e-01
'unknown';23.920000;2.361527e+02;7.977574e-01;1.533412e-01
'unknown';23.930000;1.776489e+02;7.745301e-01;2.529653e-01
'unknown';23.940000;1.176620e+02;7.487971e-01;2.524017e-01
'unknown';23.950000;7.927158e+01;7.573647e-01;2.629007e-01
'unknown';23.960000;9.981580e+01;7.517996e-01;1.328848e-01
'unknown';23.970000;8.001180e+01;5.014754e-01;1.414224e-01
'unknown';23.980000;4.001878e+01;2.438843e-01;1.079364e-01
'unknown';23.990000;0;0;1.268514e-01
'unknown';24.000000;6.412416e+01;2.510838e-01;7.065827e-02
'unknown';24.010000;1.262919e+02;5.191703e-01;8.110017e-02
'unknown';24.020000;1.865836e+02;7.869365e-01;6.145394e-02
'unknown';24.030000;1.823965e+02;8.006164e-01;8.081596e-02
'unknown';24.040000;1.394484e+02;7.688949e-01;1.527267e-01
'unknown';24.050000;1.012433e+02;7.463153e-01;2.408917e-01
'unknown';24.060000;4.130616e+01;4.815517e-01;2.524704e-01
'unknown';24.070000;2.208655e+01;5.027108e-01;1.768671e-01
'unknown';24.080000;0;2.575241e-01;1.120875e-01
'unknown';24.090000;0;2.575241e-01;1.074780e-01
'unknown';24.100000;0;0;1.121661e-01
'unknown';24.110000;0;0;1.117627e-01
'unknown';24.120000;0;0;8.608821e-02
'unknown';24.130000;0;0;9.164112e-02
'unknown';24.140000;0;0;9.020644e-02
'unknown';24.150000;0;0;1.273843e-01
'unknown';24.160000;2.489829e+01;2.550966e-01;1.288926e-01
'unknown';24.170000;4.397767e+01;5.099134e-01;1.156053e-01
'unknown';24.180000;4.397767e+01;5.099134e-01;9.081881e-02
'unknown';24.190000;1.907938e+01;2.548169e-01;8.042925e-02
'unknown';24.200000;0;0;9.309026e-02
'unknown';24.210000;1.805131e+01;2.604258e-01;7.404124e-02
'unknown';24.220000;3.627401e+01;5.195547e-01;6.661362e-02
'unknown';24.230000;3.627401e+01;5.195547e-01;8.029144e-02
'unknown';24.240000;1.822270e+01;2.591289e-01;1.056544e-01
'unknown';24.250000;0;0;1.228304e-01
'unknown';24.260000;0;0;1.285556e-01
'unknown';24.270000;0;0;1.063890e-01
'unknown';24.280000;0;0;8.019894e-02
'unknown';24.290000;7.747120e+01;2.503682e-01;4.267955e-02
'unknown';24.300000;1.547648e+02;5.107740e-01;4.304798e-02
'unknown';24.310000;2.319043e+02;7.690055e-01;4.595692e-02
'unknown';24.320000;2.225224e+02;7.738104e-01;7.724019e-02
'unknown';24.330000;2.127027e+02;7.867088e-01;1.320251e-01
'unknown';24.340000;2.032833e+02;8.054439e-01;1.846970e-01
'unknown';24.350000;2.045393e+02;8.150147e-01;2.166803e-01
'unknown';24.360000;2.147877e+02;7.989638e-01;1.656303e-01
'unknown';24.370000;2.268634e+02;7.920105e-01;1.982458e-01
'unknown';24.380000;2.390307e+02;8.015057e-01;2.128417e-01
'unknown';24.390000;2.474057e+02;8.074076e-01;2.798562e-01
'unknown';24.400000;1.965819e+02;7.918968e-01;2.562857e-01
'unknown';24.410000;1.412802e+02;7.685519e-01;2.081521e-01
'unknown';24.420000;7.821824e+01;7.568381e-01;1.951163e-01
'unknown';24.430000;7.232980e+01;7.570993e-01;1.734776e-01
'unknown';24.440000;6.751559e+01;7.609539e-01;1.549020e-01
'unknown';24.450000;6.587722e+01;7.633385e-01;1.310785e-01
'unknown';24.460000;4.279367e+01;5.085747e-01;1.269939e-01
'unknown';24.470000;4.295219e+01;5.150921e-01;1.252666e-01
'unknown';24.480000;4.332533e+01;5.221679e-01;1.252666e-01
'unknown';24.490000;6.494247e+01;7.818231e-01;8.927304e-02
'unknown';24.500000;6.862127e+01;7.791383e-01;1.052553e-01
'unknown';24.510000;4.685131e+01;5.182365e-01;9.674633e-02
'unknown';24.520000;2.523416e+01;2.585813e-01;1.208806e-01
'unknown';24.530000;0;0;1.114468e-01
'unknown';24.540000;0;0;8.713832e-02
'unknown';24.550000;0;0;7.986502e-02
'unknown';24.560000;0;0;7.964591e-02
'unknown';24.570000;0;0;7.744976e-02
'unknown';24.580000;2.183364e+01;2.662291e-01;8.300266e-02
'unknown';24.590000;4.360601e+01;5.314748e-01;8.430356e-02
'unknown';24.600000;6.685622e+01;7.969198e-01;7.796780e-02
'unknown';24.610000;6.872832e+01;7.918133e-01;7.065681e-02
'unknown';24.620000;6.814100e+01;7.856261e-01;6.618227e-02
'unknown';24.630000;4.489078e+01;5.201812e-01;6.500902e-02
'unknown';24.640000;2.118504e+01;2.590585e-01;6.343883e-02
'unknown';24.650000;0;0;5.574963e-02
'unknown';24.660000;0;0;7.674497e-02
'unknown';24.670000;0;0;5.858308e-02
'unknown';24.680000;0;0;5.561753e-02
'unknown';24.690000;0;0;5.357704e-02
'unknown';24.700000;4.470057e+01;2.588385e-01;5.294019e-02
'unknown';24.710000;6.685809e+01;5.179722e-01;6.312378e-02
'unknown';24.720000;8.880265e+01;7.820066e-01;1.063647e-01
'unknown';24.730000;4.410208e+01;5.231681e-01;1.097540e-01
'unknown';24.740000;2.194456e+01;5.298277e-01;1.116108e-01
'unknown';24.750000;0;2.657933e-01;1.283248e-01
'unknown';24.760000;0;5.297532e-01;1.595860e-01
'unknown';24.770000;0;2.639599e-01;1.472332e-01
'unknown';24.780000;3.973775e+01;5.363052e-01;8.753899e-02
'unknown';24.790000;7.816354e+01;5.376227e-01;1.223396e-01
'unknown';24.800000;7.816354e+01;5.376227e-01;1.718522e-01
'unknown';24.810000;5.694489e+01;5.312719e-01;2.173951e-01
'unknown';24.820000;3.789682e+01;5.248089e-01;1.589765e-01
'unknown';24.830000;5.782924e+01;7.901018e-01;9.850103e-02
'unknown';24.840000;5.837354e+01;7.856273e-01;1.006128e-01
'unknown';24.850000;3.899582e+01;5.268129e-01;1.299594e-01
'unknown';24.860000;1.906342e+01;2.615201e-01;1.572139e-01
'unknown';24.870000;3.654211e+01;2.733186e-01;1.342181e-01
'unknown';24.880000;7.274164e+01;5.464594e-01;1.796212e-01
'unknown';24.890000;1.086010e+02;8.195886e-01;2.158041e-01
'unknown';24.900000;1.073723e+02;8.095639e-01;2.164712e-01
'unknown';24.910000;8.870522e+01;7.988987e-01;1.430511e-01
'unknown';24.920000;7.032913e+01;7.865632e-01;1.407697e-01
'unknown';24.930000;3.501567e+01;5.232692e-01;1.679605e-01
'unknown';24.940000;1.748324e+01;2.607938e-01;1.963309e-01
'unknown';24.950000;0;0;1.894569e-01
'unknown';24.960000;0;0;1.551245e-01
'unknown';24.970000;0;0;1.545936e-01
'unknown';24.980000;0;0;1.086442e-01
'unknown';24.990000;1.783106e+01;2.654478e-01;9.394740e-02
'unknown';25.000000;3.599388e+01;5.330786e-01;6.706560e-02
'unknown';25.010000;5.679365e+01;7.932763e-01;9.550383e-02
'unknown';25.020000;6.051314e+01;7.938692e-01;1.002792e-01
'unknown';25.030000;6.209828e+01;7.901908e-01;1.278679e-01
'unknown';25.040000;4.129850e+01;5.299931e-01;1.064551e-01
'unknown';25.050000;1.974796e+01;2.639524e-01;9.348876e-02
'unknown';25.060000;0;0;8.004086e-02
'unknown';25.070000;0;2.513653e-01;1.030585e-01
'unknown';25.080000;0;2.513653e-01;1.075012e-01
'unknown';25.090000;2.007215e+01;5.182972e-01;9.577651e-02
'unknown';25.100000;4.136003e+01;5.343181e-01;9.820331e-02
'unknown';25.110000;6.119887e+01;7.987638e-01;1.120916e-01
'unknown';25.120000;6.073005e+01;7.998742e-01;1.109066e-01
'unknown';25.130000;6.108998e+01;7.945869e-01;9.693545e-02
'unknown';25.140000;4.125114e+01;5.301413e-01;9.047524e-02
'unknown';25.150000;4.244600e+01;5.348306e-01;8.119018e-02
'unknown';25.160000;4.040614e+01;5.472963e-01;6.090279e-02
'unknown';25.170000;5.992054e+01;8.174493e-01;7.228541e-02
'unknown';25.180000;5.806215e+01;8.120013e-01;9.829181e-02
'unknown';25.190000;3.845419e+01;5.374365e-01;1.183663e-01
'unknown';25.200000;1.893980e+01;5.238776e-01;1.020909e-01
'unknown';25.210000;0;2.565940e-01;8.797938e-02
'unknown';25.220000;0;2.565940e-01;7.833311e-02
'unknown';25.230000;0;0;7.683080e-02
'unknown';25.240000;0;0;7.070248e-02
'unknown';25.250000;0;0;7.948864e-02
'unknown';25.260000;0;0;9.273662e-02
'unknown';25.270000;0;0;8.825588e-02
'unknown';25.280000;0;0;7.587665e-02
'unknown';25.290000;0;0;6.767678e-02
'unknown';25.300000;0;2.629399e-01;1.149614e-01
'unknown';25.310000;0;2.629399e-01;1.255762e-01
'unknown';25.320000;0;2.629399e-01;1.068654e-01
'unknown';25.330000;1.956715e+01;2.707840e-01;9.233692e-02
'unknown';25.340000;3.976783e+01;5.404954e-01;8.884481e-02
'unknown';25.350000;5.945261e+01;8.083897e-01;9.959781e-02
'unknown';25.360000;5.928099e+01;8.069350e-01;6.092669e-02
'unknown';25.370000;5.958878e+01;8.068405e-01;6.913540e-02
'unknown';25.380000;3.990400e+01;5.389462e-01;9.372238e-02
'unknown';25.390000;4.372550e+01;5.366351e-01;1.375968e-01
'unknown';25.400000;4.589612e+01;5.304646e-01;1.392162e-01
'unknown';25.410000;4.589612e+01;5.304646e-01;1.021802e-01
'unknown';25.420000;2.267909e+01;2.634464e-01;7.426692e-02
'unknown';25.430000;0;0;6.037882e-02
'unknown';25.440000;0;0;5.443178e-02
'unknown';25.450000;0;0;4.817581e-02
'unknown';25.460000;0;0;3.173417e-02
'unknown';25.470000;0;0;6.139061e-02
'unknown';25.480000;0;0;7.414862e-02
'unknown';25.490000;0;0;7.834333e-02
'unknown';25.500000;1.999143e+01;2.691555e-01;4.503877e-02
'unknown';25.510000;4.077661e+01;5.415297e-01;3.430103e-02
'unknown';25.520000;6.278983e+01;8.121510e-01;4.199710e-02
'unknown';25.530000;6.433090e+01;8.141959e-01;6.087733e-02
'unknown';25.540000;6.467666e+01;8.152458e-01;8.080128e-02
'unknown';25.550000;4.266345e+01;5.446245e-01;1.034810e-01
'unknown';25.560000;4.133461e+01;5.427866e-01;9.506278e-02
'unknown';25.570000;3.938425e+01;5.397816e-01;1.000759e-01
'unknown';25.580000;5.711807e+01;8.087446e-01;1.230729e-01
'unknown';25.590000;3.691441e+01;5.393822e-01;1.609472e-01
'unknown';25.600000;7.555310e+01;5.214272e-01;1.488632e-01
'unknown';25.610000;1.162748e+02;4.928904e-01;1.069276e-01
'unknown';25.620000;1.826345e+02;7.405389e-01;7.865649e-02
'unknown';25.630000;1.929790e+02;7.585997e-01;1.223770e-01
'unknown';25.640000;2.032393e+02;8.017561e-01;1.021520e-01
'unknown';25.650000;2.055875e+02;8.446018e-01;1.545747e-01
'unknown';25.660000;2.057697e+02;8.652410e-01;1.047037e-01
'unknown';25.670000;2.050405e+02;8.717106e-01;1.189756e-01
'unknown';25.680000;2.044727e+02;8.709418e-01;6.825573e-02
'unknown';25.690000;2.045682e+02;8.681664e-01;7.156318e-02
'unknown';25.700000;2.053495e+02;8.668323e-01;6.728587e-02
'unknown';25.710000;2.063663e+02;8.664231e-01;1.317372e-01
'unknown';25.720000;2.074499e+02;8.718091e-01;1.933295e-01
'unknown';25.730000;2.085107e+02;8.790448e-01;2.995041e-01
'unknown';25.740000;2.094469e+02;8.864101e-01;4.028527e-01
'unknown';25.750000;2.102244e+02;8.864165e-01;4.433844e-01
'unknown';25.760000;2.107581e+02;8.791735e-01;4.761321e-01
'unknown';25.770000;2.107799e+02;8.666896e-01;3.163378e-01
'unknown';25.780000;2.100662e+02;8.445179e-01;3.350333e-01
'unknown';25.790000;2.100100e+02;8.119507e-01;2.460034e-01
'unknown';25.800000;2.097316e+02;7.737284e-01;3.029128e-01
'unknown';25.810000;2.094270e+02;7.488322e-01;2.320900e-01
'unknown';25.820000;1.575867e+02;7.426080e-01;2.326635e-01
'unknown';25.830000;1.062471e+02;7.526439e-01;1.862981e-01
'unknown';25.840000;3.696295e+01;5.059306e-01;1.212930e-01
'unknown';25.850000;1.849705e+01;2.560113e-01;5.649676e-02
'unknown';25.860000;0;0;4.549314e-02
'unknown';25.870000;0;0;6.689081e-02
'unknown';25.880000;0;0;9.936271e-02
'unknown';25.890000;1.973033e+01;2.655846e-01;1.048258e-01
'unknown';25.900000;4.002209e+01;5.305435e-01;1.405225e-01
'unknown';25.910000;6.015030e+01;7.977406e-01;1.611181e-01
'unknown';25.920000;5.775480e+01;7.973632e-01;1.635561e-01
'unknown';25.930000;3.746304e+01;5.324042e-01;1.072436e-01
'unknown';25.940000;3.888374e+01;5.260785e-01;8.287506e-02
'unknown';25.950000;4.267434e+01;5.241292e-01;7.308896e-02
'unknown';25.960000;4.267434e+01;5.241292e-01;1.132151e-01
'unknown';25.970000;2.112543e+01;2.632579e-01;9.805002e-02
'unknown';25.980000;0;0;1.094069e-01
'unknown';25.990000;0;2.526858e-01;1.133086e-01
'unknown';26.000000;0;2.526858e-01;1.274781e-01
'unknown';26.010000;1.958024e+01;5.178060e-01;9.483128e-02
'unknown';26.020000;3.697490e+01;5.273631e-01;9.344711e-02
'unknown';26.030000;3.697490e+01;5.273631e-01;1.004309e-01
'unknown';26.040000;3.654348e+01;5.228098e-01;1.103263e-01
'unknown';26.050000;3.940008e+01;5.275273e-01;6.524146e-02
'unknown';26.060000;6.026463e+01;7.952871e-01;5.538692e-02
'unknown';26.070000;6.245162e+01;8.069801e-01;5.823253e-02
'unknown';26.080000;6.360195e+01;8.123499e-01;6.677585e-02
'unknown';26.090000;6.500089e+01;8.114543e-01;7.684673e-02
'unknown';26.100000;6.632890e+01;8.062937e-01;1.001488e-01
'unknown';26.110000;6.578135e+01;8.060281e-01;1.230147e-01
'unknown';26.120000;6.299316e+01;8.105455e-01;9.807228e-02
'unknown';26.130000;5.963115e+01;8.123436e-01;9.825585e-02
'unknown';26.140000;3.877713e+01;5.402791e-01;9.954450e-02
'unknown';26.150000;1.930183e+01;2.688973e-01;1.286421e-01
'unknown';26.160000;0;0;1.091361e-01
'unknown';26.170000;0;0;6.931446e-02
'unknown';26.180000;0;2.720219e-01;4.572849e-02
'unknown';26.190000;0;2.720219e-01;4.491275e-02
'unknown';26.200000;0;2.720219e-01;7.061914e-02
'unknown';26.210000;0;2.709497e-01;8.208716e-02
'unknown';26.220000;0;2.709497e-01;9.049806e-02
'unknown';26.230000;0;2.709497e-01;7.824669e-02
'unknown';26.240000;0;0;8.049399e-02
'unknown';26.250000;0;0;9.456989e-02
'unknown';26.260000;0;0;1.031588e-01
'unknown';26.270000;0;0;1.024229e-01
'unknown';26.280000;0;0;5.564905e-02
'unknown';26.290000;0;0;3.360515e-02
'unknown';26.300000;0;0;2.687383e-02
'unknown';26.310000;0;0;3.468403e-02
'unknown';26.320000;0;0;4.609286e-02
'unknown';26.330000;0;0;3.433317e-02
'unknown';26.340000;0;0;3.879956e-02
'unknown';26.350000;2.335589e+01;2.616657e-01;3.116704e-02
'unknown';26.360000;4.604327e+01;5.234101e-01;4.109772e-02
'unknown';26.370000;6.719868e+01;7.862609e-01;6.129302e-02
'unknown';26.380000;6.672290e+01;7.928148e-01;7.437977e-02
'unknown';26.390000;6.525793e+01;8.002748e-01;9.909654e-02
'unknown';26.400000;6.277914e+01;8.071792e-01;1.072647e-01
'unknown';26.410000;3.989904e+01;5.389596e-01;9.752543e-02
'unknown';26.420000;3.640926e+01;5.432508e-01;8.910018e-02
'unknown';26.430000;3.653531e+01;5.414298e-01;9.083138e-02
'unknown';26.440000;3.653531e+01;5.414298e-01;1.125876e-01
'unknown';26.450000;3.984330e+01;5.361788e-01;1.020410e-01
'unknown';26.460000;4.087513e+01;5.327142e-01;8.450256e-02
'unknown';26.470000;4.087513e+01;5.327142e-01;7.128961e-02
'unknown';26.480000;1.983449e+01;2.644694e-01;5.877656e-02
'unknown';26.490000;0;0;5.682886e-02
'unknown';26.500000;0;0;3.600895e-02
'unknown';26.510000;1.782321e+01;2.727208e-01;3.979916e-02
'unknown';26.520000;3.700624e+01;5.410953e-01;5.372626e-02
'unknown';26.530000;5.995218e+01;7.993005e-01;1.132316e-01
'unknown';26.540000;4.212896e+01;5.265797e-01;1.492216e-01
'unknown';26.550000;2.294594e+01;2.582052e-01;1.667728e-01
'unknown';26.560000;2.211389e+01;2.510852e-01;1.223660e-01
'unknown';26.570000;9.137701e+01;5.054079e-01;1.157008e-01
'unknown';26.580000;1.622071e+02;7.715653e-01;9.148810e-02
'unknown';26.590000;1.625703e+02;7.726488e-01;8.866614e-02
'unknown';26.600000;1.157842e+02;7.730753e-01;1.473143e-01
'unknown';26.610000;6.758321e+01;7.677841e-01;1.290017e-01
'unknown';26.620000;6.747464e+01;7.751613e-01;1.261797e-01
'unknown';26.630000;6.741725e+01;7.800294e-01;1.200460e-01
'unknown';26.640000;1.109575e+02;7.809108e-01;1.381200e-01
'unknown';26.650000;1.542214e+02;7.800046e-01;1.685200e-01
'unknown';26.660000;1.968688e+02;7.843103e-01;1.373809e-01
'unknown';26.670000;1.953783e+02;7.822688e-01;1.526255e-01
'unknown';26.680000;1.944245e+02;7.895544e-01;1.971034e-01
'unknown';26.690000;1.943721e+02;7.971197e-01;1.724271e-01
'unknown';26.700000;1.937892e+02;8.106937e-01;1.529075e-01
'unknown';26.710000;1.916233e+02;8.221529e-01;1.124462e-01
'unknown';26.720000;1.887330e+02;8.272527e-01;1.601593e-01
'unknown';26.730000;1.866416e+02;8.352737e-01;2.417762e-01
'unknown';26.740000;1.864159e+02;8.365766e-01;2.773462e-01
'unknown';26.750000;1.884692e+02;8.359454e-01;2.115280e-01
'unknown';26.760000;1.924852e+02;8.336794e-01;1.570145e-01
'unknown';26.770000;1.972458e+02;8.319303e-01;1.495405e-01
'unknown';26.780000;2.013036e+02;8.154478e-01;2.175127e-01
'unknown';26.790000;1.581674e+02;7.725783e-01;1.830499e-01
'unknown';26.800000;9.111978e+01;4.956401e-01;1.283442e-01
'unknown';26.810000;4.325841e+01;4.748100e-01;8.860669e-02
'unknown';26.820000;4.224318e+01;4.777578e-01;7.690120e-02
'unknown';26.830000;6.478762e+01;7.163153e-01;7.724418e-02
'unknown';26.840000;6.496890e+01;7.218898e-01;6.078005e-02
'unknown';26.850000;6.270369e+01;7.287128e-01;9.122822e-02
'unknown';26.860000;6.280191e+01;7.392157e-01;9.679365e-02
'unknown';26.870000;6.482777e+01;7.450483e-01;1.010250e-01
'unknown';26.880000;6.775072e+01;7.495825e-01;1.190084e-01
'unknown';26.890000;4.510807e+01;5.005221e-01;1.042205e-01
'unknown';26.900000;2.252675e+01;5.210220e-01;9.257392e-02
'unknown';26.910000;0;2.705512e-01;7.541483e-02
'unknown';26.920000;1.763855e+01;5.365740e-01;1.078675e-01
'unknown';26.930000;3.671191e+01;5.241974e-01;1.369660e-01
'unknown';26.940000;5.660826e+01;7.766499e-01;1.414928e-01
'unknown';26.950000;5.833840e+01;7.557134e-01;1.310460e-01
'unknown';26.960000;3.926504e+01;4.975387e-01;9.677032e-02
'unknown';26.970000;1.936869e+01;4.855837e-01;6.623713e-02
'unknown';26.980000;0;2.404974e-01;5.986008e-02
'unknown';26.990000;0;2.404974e-01;8.385544e-02
'unknown';27.000000;2.451381e+01;2.406402e-01;1.096569e-01
'unknown';27.010000;9.705503e+01;5.078368e-01;1.205496e-01
'unknown';27.020000;1.690696e+02;7.716792e-01;1.009956e-01
'unknown';27.030000;1.673720e+02;7.831054e-01;1.122300e-01
'unknown';27.040000;1.163206e+02;7.729500e-01;1.289105e-01
'unknown';27.050000;6.529358e+01;7.693446e-01;1.737501e-01
'unknown';27.060000;6.338096e+01;7.766585e-01;2.020498e-01
'unknown';27.070000;4.189120e+01;5.196173e-01;1.623037e-01
'unknown';27.080000;4.205293e+01;5.176697e-01;1.669462e-01
'unknown';27.090000;8.493009e+01;5.269968e-01;1.184716e-01
'unknown';27.100000;1.494028e+02;7.992750e-01;1.277566e-01
'unknown';27.110000;1.936612e+02;8.092859e-01;1.273769e-01
'unknown';27.120000;1.514852e+02;7.971823e-01;1.188823e-01
'unknown';27.130000;8.701254e+01;5.249040e-01;1.549655e-01
'unknown';27.140000;2.160487e+01;2.566036e-01;1.281584e-01
'unknown';27.150000;1.808528e+01;2.629226e-01;1.812459e-01
'unknown';27.160000;3.933360e+01;5.301127e-01;1.606430e-01
'unknown';27.170000;5.977267e+01;7.972147e-01;1.388397e-01
'unknown';27.180000;6.164523e+01;8.000290e-01;9.824570e-02
'unknown';27.190000;4.039691e+01;5.328389e-01;1.055136e-01
'unknown';27.200000;1.995784e+01;5.215527e-01;1.252706e-01
'unknown';27.210000;0;2.558157e-01;1.513183e-01
'unknown';27.220000;1.901948e+01;5.115842e-01;1.320079e-01
'unknown';27.230000;3.981199e+01;5.070034e-01;1.120056e-01
'unknown';27.240000;1.004372e+02;7.483530e-01;1.019613e-01
'unknown';27.250000;1.389188e+02;7.538312e-01;1.238180e-01
'unknown';27.260000;1.735990e+02;7.763918e-01;1.425997e-01
'unknown';27.270000;1.677114e+02;8.146322e-01;1.252240e-01
'unknown';27.280000;1.644068e+02;8.358333e-01;2.232747e-01
'unknown';27.290000;1.629420e+02;8.480250e-01;2.181652e-01
'unknown';27.300000;1.623926e+02;8.510657e-01;2.918303e-01
'unknown';27.310000;1.626183e+02;8.481221e-01;2.321733e-01
'unknown';27.320000;1.631857e+02;8.397850e-01;2.924965e-01
'unknown';27.330000;1.641769e+02;8.366587e-01;2.219760e-01
'unknown';27.340000;1.653775e+02;8.379736e-01;1.897408e-01
'unknown';27.350000;1.666646e+02;8.353940e-01;1.236498e-01
'unknown';27.360000;1.674520e+02;8.155499e-01;1.378810e-01
'unknown';27.370000;1.118291e+02;5.347309e-01;1.434379e-01
'unknown';27.380000;5.596683e+01;2.596602e-01;1.350387e-01
'unknown';27.390000;1.842735e+01;2.574536e-01;1.364091e-01
'unknown';27.400000;3.655714e+01;5.205163e-01;9.180993e-02
'unknown';27.410000;5.476317e+01;7.807772e-01;1.133372e-01
'unknown';27.420000;6.025233e+01;7.854565e-01;1.117937e-01
'unknown';27.430000;4.212255e+01;5.223938e-01;1.421310e-01
'unknown';27.440000;2.391652e+01;2.621330e-01;1.398803e-01
'unknown';27.450000;0;0;1.323811e-01
'unknown';27.460000;5.404849e+01;2.510661e-01;1.259436e-01
'unknown';27.470000;1.066279e+02;5.102308e-01;1.334664e-01
'unknown';27.480000;1.583840e+02;7.767999e-01;1.517913e-01
'unknown';27.490000;1.556500e+02;7.972170e-01;2.300731e-01
'unknown';27.500000;1.543911e+02;8.100471e-01;2.079924e-01
'unknown';27.510000;1.543947e+02;8.169363e-01;2.707433e-01
'unknown';27.520000;1.558486e+02;8.186353e-01;1.806645e-01
'unknown';27.530000;1.587345e+02;8.164885e-01;1.808885e-01
'unknown';27.540000;1.631522e+02;8.043838e-01;1.185911e-01
'unknown';27.550000;1.699562e+02;7.765124e-01;1.029156e-01
'unknown';27.560000;1.379884e+02;7.469332e-01;1.152879e-01
'unknown';27.570000;1.004008e+02;7.268870e-01;8.749720e-02
'unknown';27.580000;6.115608e+01;7.252106e-01;1.044768e-01
'unknown';27.590000;6.058503e+01;7.314305e-01;8.296862e-02
'unknown';27.600000;6.366314e+01;7.396185e-01;1.357634e-01
'unknown';27.610000;6.321176e+01;7.466224e-01;1.147134e-01
'unknown';27.620000;6.494502e+01;7.464461e-01;1.133003e-01
'unknown';27.630000;7.090615e+01;7.445973e-01;6.971139e-02
'unknown';27.640000;5.102975e+01;4.939589e-01;9.958068e-02
'unknown';27.650000;2.762881e+01;2.476463e-01;1.044337e-01
'unknown';27.660000;0;0;8.463466e-02
'unknown';27.670000;0;0;5.780347e-02
'unknown';27.680000;0;0;6.674647e-02
'unknown';27.690000;2.263415e+01;2.559953e-01;6.988394e-02
'unknown';27.700000;4.376104e+01;5.155981e-01;8.551574e-02
'unknown';27.710000;6.431977e+01;7.745312e-01;9.799585e-02
'unknown';27.720000;4.168562e+01;5.185359e-01;1.104551e-01
'unknown';27.730000;2.055873e+01;5.210914e-01;9.104701e-02
'unknown';27.740000;0;2.621584e-01;6.505813e-02
'unknown';27.750000;0;5.219979e-01;3.028083e-02
'unknown';27.760000;0;2.598395e-01;4.886090e-02
'unknown';27.770000;0;2.598395e-01;4.618024e-02
'unknown';27.780000;1.822019e+01;2.668293e-01;5.903590e-02
'unknown';27.790000;3.768050e+01;5.333154e-01;6.424734e-02
'unknown';27.800000;5.956834e+01;7.987658e-01;7.937662e-02
'unknown';27.810000;6.085454e+01;7.943838e-01;9.248227e-02
'unknown';27.820000;5.997794e+01;7.921007e-01;7.624286e-02
'unknown';27.830000;3.809010e+01;5.266502e-01;7.688146e-02
'unknown';27.840000;1.858370e+01;2.642029e-01;9.365167e-02
'unknown';27.850000;0;0;1.217816e-01
'unknown';27.860000;0;2.687504e-01;9.577058e-02
'unknown';27.870000;0;2.687504e-01;8.394303e-02
'unknown';27.880000;0;2.687504e-01;8.054204e-02
'unknown';27.890000;0;0;1.009688e-01
'unknown';27.900000;0;0;8.739815e-02
'unknown';27.910000;0;0;6.089091e-02
'unknown';27.920000;0;2.534895e-01;4.142946e-02
'unknown';27.930000;0;2.534895e-01;4.236694e-02
'unknown';27.940000;0;5.126204e-01;4.971783e-02
'unknown';27.950000;0;2.591310e-01;6.822204e-02
'unknown';27.960000;2.369435e+01;5.207582e-01;6.972419e-02
'unknown';27.970000;4.672647e+01;5.190654e-01;7.989902e-02
'unknown';27.980000;4.672647e+01;5.190654e-01;7.867242e-02
'unknown';27.990000;4.650854e+01;5.134314e-01;6.758314e-02
'unknown';28.000000;4.635093e+01;5.130324e-01;5.497217e-02
'unknown';28.010000;4.635093e+01;5.130324e-01;3.860603e-02
'unknown';28.020000;2.287449e+01;2.570393e-01;5.462037e-02
'unknown';28.030000;0;2.533563e-01;6.441589e-02
'unknown';28.040000;0;2.533563e-01;7.278229e-02
'unknown';28.050000;1.994022e+01;5.133743e-01;8.821261e-02
'unknown';28.060000;3.968053e+01;5.219308e-01;8.873942e-02
'unknown';28.070000;5.956252e+01;7.843696e-01;8.904868e-02
'unknown';28.080000;3.962230e+01;5.243515e-01;5.851549e-02
'unknown';28.090000;1.988199e+01;2.624389e-01;6.459659e-02
'unknown';28.100000;0;0;6.550633e-02
'unknown';28.110000;2.228716e+01;2.649923e-01;6.550633e-02
'unknown';28.120000;4.298655e+01;5.346254e-01;3.841433e-02
'unknown';28.130000;6.294993e+01;8.005423e-01;4.072376e-02
'unknown';28.140000;6.230540e+01;7.916865e-01;7.386012e-02
'unknown';28.150000;4.160600e+01;5.220534e-01;1.106980e-01
'unknown';28.160000;2.164262e+01;2.561365e-01;1.166371e-01
'unknown';28.170000;0;2.566982e-01;8.004484e-02
'unknown';28.180000;0;2.566982e-01;4.145376e-02
'unknown';28.190000;1.807826e+01;5.191976e-01;4.240595e-02
'unknown';28.200000;3.622164e+01;5.268872e-01;5.574484e-02
'unknown';28.210000;3.622164e+01;5.268872e-01;8.201730e-02
'unknown';28.220000;1.814337e+01;2.643878e-01;6.532913e-02
'unknown';28.230000;0;0;6.706068e-02
'unknown';28.240000;0;0;5.132470e-02
'unknown';28.250000;0;0;6.458535e-02
'unknown';28.260000;0;0;9.629560e-02
'unknown';28.270000;0;0;1.273340e-01
'unknown';28.280000;0;0;1.190715e-01
'unknown';28.290000;0;0;8.592460e-02
'unknown';28.300000;0;0;7.110082e-02
'unknown';28.310000;0;0;6.977110e-02
'unknown';28.320000;0;0;6.087905e-02
'unknown';28.330000;0;0;4.764244e-02
'unknown';28.340000;0;0;3.660990e-02
'unknown';28.350000;0;0;3.487448e-02
'unknown';28.360000;2.094909e+01;2.601076e-01;3.108427e-02
'unknown';28.370000;4.137240e+01;5.184927e-01;3.344136e-02
'unknown';28.380000;4.137240e+01;5.184927e-01;2.794397e-02
'unknown';28.390000;2.042331e+01;2.583851e-01;3.502459e-02
'unknown';28.400000;0;0;4.954805e-02
'unknown';28.410000;0;0;6.226487e-02
'unknown';28.420000;2.090079e+01;2.644158e-01;4.926928e-02
'unknown';28.430000;4.300095e+01;5.318544e-01;4.053459e-02
'unknown';28.440000;6.282990e+01;8.015741e-01;3.813092e-02
'unknown';28.450000;5.975001e+01;8.115153e-01;4.319863e-02
'unknown';28.460000;5.566940e+01;8.197408e-01;6.140366e-02
'unknown';28.470000;3.584045e+01;5.500212e-01;7.901230e-02
'unknown';28.480000;4.242511e+01;5.231859e-01;1.079582e-01
'unknown';28.490000;2.199863e+02;5.081804e-01;1.148900e-01
'unknown';28.500000;3.940061e+02;7.578313e-01;1.095296e-01
'unknown';28.510000;5.479404e+02;7.832251e-01;1.212112e-01
'unknown';28.520000;5.348212e+02;8.156745e-01;1.973632e-01
'unknown';28.530000;5.430400e+02;8.651056e-01;2.091595e-01
'unknown';28.540000;5.455252e+02;8.927891e-01;3.075675e-01
'unknown';28.550000;5.429778e+02;9.010892e-01;3.503039e-01
'unknown';28.560000;5.401973e+02;9.021103e-01;4.644324e-01
'unknown';28.570000;5.386352e+02;9.004294e-01;4.063747e-01
'unknown';28.580000;5.378557e+02;8.990319e-01;3.603103e-01
'unknown';28.590000;5.372409e+02;8.980893e-01;4.139318e-01
'unknown';28.600000;5.365898e+02;8.976964e-01;4.969513e-01
'unknown';28.610000;5.351467e+02;8.953024e-01;5.071252e-01
'unknown';28.620000;5.333140e+02;8.926283e-01;4.133794e-01
'unknown';28.630000;5.315839e+02;8.905603e-01;4.083438e-01
'unknown';28.640000;5.304930e+02;8.907554e-01;3.888152e-01
'unknown';28.650000;5.295851e+02;8.929000e-01;4.023867e-01
'unknown';28.660000;5.282612e+02;8.965080e-01;4.186987e-01
'unknown';28.670000;5.268420e+02;8.972656e-01;3.396617e-01
'unknown';28.680000;5.260894e+02;8.961905e-01;4.021885e-01
'unknown';28.690000;5.261494e+02;8.922728e-01;2.250897e-01
'unknown';28.700000;5.267029e+02;8.906193e-01;3.904563e-01
'unknown';28.710000;5.271178e+02;8.912201e-01;2.791714e-01
'unknown';28.720000;5.270349e+02;8.916336e-01;4.464567e-01
'unknown';28.730000;5.262352e+02;8.870148e-01;3.037542e-01
'unknown';28.740000;5.247432e+02;8.764499e-01;3.958512e-01
'unknown';28.750000;5.233686e+02;8.649442e-01;3.064607e-01
'unknown';28.760000;4.065309e+02;8.565437e-01;3.912915e-01
'unknown';28.770000;2.903307e+02;8.514805e-01;2.906194e-01
'unknown';28.780000;1.741603e+02;8.426113e-01;3.362690e-01
'unknown';28.790000;1.739044e+02;8.226767e-01;2.298577e-01
'unknown';28.800000;1.158316e+02;5.401481e-01;2.068472e-01
'unknown';28.810000;5.784151e+01;2.639619e-01;1.079707e-01
'unknown';28.820000;5.866292e+01;2.551870e-01;1.005430e-01
'unknown';28.830000;1.171423e+02;5.116460e-01;7.478332e-02
'unknown';28.840000;1.756217e+02;7.676392e-01;7.347696e-02
'unknown';28.850000;1.752572e+02;7.667019e-01;9.694926e-02
'unknown';28.860000;1.361451e+02;7.682142e-01;1.114118e-01
'unknown';28.870000;9.696526e+01;7.735005e-01;9.520354e-02
'unknown';28.880000;5.801265e+01;7.814692e-01;9.101550e-02
'unknown';28.890000;9.688281e+01;7.921457e-01;9.468669e-02
'unknown';28.900000;1.358152e+02;7.910748e-01;1.243868e-01
'unknown';28.910000;1.358424e+02;7.878715e-01;1.091753e-01
'unknown';28.920000;7.760497e+01;5.192236e-01;8.244438e-02
'unknown';28.930000;1.937305e+01;2.590151e-01;3.513971e-02
'unknown';28.940000;0;0;3.795666e-02
'unknown';28.950000;0;0;6.644060e-02
'unknown';28.960000;0;0;8.874873e-02
'unknown';28.970000;0;0;7.229803e-02
'unknown';28.980000;0;0;6.687377e-02
'unknown';28.990000;0;2.661389e-01;7.681046e-02
'unknown';29.000000;0;2.661389e-01;1.072866e-01
'unknown';29.010000;0;2.661389e-01;1.264249e-01
'unknown';29.020000;0;0;1.496605e-01
'unknown';29.030000;0;0;1.561403e-01
'unknown';29.040000;0;0;1.466985e-01
'unknown';29.050000;0;0;1.208901e-01
'unknown';29.060000;0;0;1.127794e-01
'unknown';29.070000;0;0;1.013696e-01
'unknown';29.080000;0;0;8.641539e-02
'unknown';29.090000;0;0;9.212589e-02
'unknown';29.100000;0;0;1.112117e-01
'unknown';29.110000;0;0;1.396195e-01
'unknown';29.120000;0;0;1.117802e-01
'unknown';29.130000;0;0;9.545163e-02
'unknown';29.140000;0;0;8.871984e-02
'unknown';29.150000;0;0;9.899205e-02
'unknown';29.160000;0;0;7.069377e-02
'unknown';29.170000;0;0;6.654468e-02
'unknown';29.180000;0;0;4.632674e-02
'unknown';29.190000;0;0;5.600546e-02
'unknown';29.200000;0;0;4.664577e-02
'unknown';29.210000;0;0;7.892679e-02
'unknown';29.220000;0;0;7.616032e-02
'unknown';29.230000;0;0;6.420181e-02
'unknown';29.240000;0;0;5.832505e-02
'unknown';29.250000;0;0;6.360681e-02
'unknown';29.260000;0;0;6.621420e-02
'unknown';29.270000;0;0;5.975987e-02
'unknown';29.280000;0;0;6.659136e-02
'unknown';29.290000;0;0;6.618118e-02
'unknown';29.300000;0;0;4.888864e-02
'unknown';29.310000;0;0;5.711756e-02
'unknown';29.320000;0;0;9.771178e-02
'unknown';29.330000;0;0;1.317011e-01
'unknown';29.340000;0;0;1.044467e-01
'unknown';29.350000;0;0;8.274529e-02
'unknown';29.360000;0;2.531700e-01;7.691811e-02
'unknown';29.370000;0;2.531700e-01;1.105497e-01
'unknown';29.380000;0;2.531700e-01;1.209043e-01
'unknown';29.390000;0;0;1.025365e-01
'unknown';29.400000;0;0;8.867487e-02
'unknown';29.410000;0;0;9.182281e-02
'unknown';29.420000;0;0;1.167789e-01
'unknown';29.430000;0;0;1.210028e-01
'unknown';29.440000;0;0;8.776019e-02
'unknown';29.450000;0;0;5.035231e-02
'unknown';29.460000;0;0;2.688403e-02
'unknown';29.470000;0;0;3.152147e-02
'unknown';29.480000;0;0;3.070458e-02
'unknown';29.490000;0;0;3.017907e-02
'unknown';29.500000;0;0;1.841785e-02
'unknown';29.510000;0;0;2.547034e-02
'unknown';29.520000;0;0;4.524026e-02
'unknown';29.530000;0;0;5.934451e-02
'unknown';29.540000;0;0;5.934451e-02
'unknown';29.550000;0;0;5.758642e-02
'unknown';29.560000;0;0;7.838137e-02
'unknown';29.570000;0;0;8.425456e-02
'unknown';29.580000;6.554096e+01;2.580107e-01;9.657248e-02
'unknown';29.590000;1.320036e+02;5.351693e-01;9.077241e-02
'unknown';29.600000;1.989871e+02;8.083031e-01;9.402452e-02
'unknown';29.610000;2.008057e+02;8.229558e-01;8.791253e-02
'unknown';29.620000;2.019743e+02;8.179877e-01;6.411199e-02
'unknown';29.630000;2.013308e+02;8.222306e-01;5.252739e-02
'unknown';29.640000;2.000632e+02;8.287621e-01;3.895677e-02
'unknown';29.650000;1.985603e+02;8.374813e-01;1.119959e-01
'unknown';29.660000;1.985653e+02;8.393341e-01;1.256647e-01
'unknown';29.670000;1.989903e+02;8.364537e-01;1.894582e-01
'unknown';29.680000;1.992486e+02;8.284948e-01;2.053672e-01
'unknown';29.690000;1.989796e+02;8.101261e-01;2.551357e-01
'unknown';29.700000;1.539680e+02;7.878768e-01;2.927430e-01
'unknown';29.710000;8.758152e+01;5.149260e-01;2.489823e-01
'unknown';29.720000;4.303152e+01;5.135393e-01;1.942204e-01
'unknown';29.730000;4.338171e+01;5.209941e-01;9.118655e-02
'unknown';29.740000;4.338171e+01;5.209941e-01;8.510848e-02
'unknown';29.750000;2.185574e+01;2.615201e-01;7.090350e-02
'unknown';29.760000;1.866152e+01;2.467722e-01;6.767824e-02
'unknown';29.770000;3.723125e+01;4.865809e-01;5.575699e-02
'unknown';29.780000;1.105605e+02;7.308745e-01;8.031201e-02
'unknown';29.790000;1.626398e+02;7.478759e-01;8.579858e-02
'unknown';29.800000;2.138504e+02;7.769547e-01;5.654119e-02
'unknown';29.810000;2.097958e+02;7.999716e-01;4.940649e-02
'unknown';29.820000;1.614970e+02;7.867303e-01;5.959009e-02
'unknown';29.830000;9.171670e+01;5.178430e-01;1.171410e-01
'unknown';29.840000;2.244197e+01;5.120994e-01;1.349780e-01
'unknown';29.850000;0;2.615669e-01;1.403503e-01
'unknown';29.860000;0;2.615669e-01;1.112294e-01
'unknown';29.870000;0;0;1.043600e-01
'unknown';29.880000;2.364215e+01;2.559881e-01;9.969264e-02
'unknown';29.890000;4.290443e+01;5.144973e-01;7.944205e-02
'unknown';29.900000;4.290443e+01;5.144973e-01;8.234199e-02
'unknown';29.910000;1.926228e+01;2.585092e-01;6.070362e-02
'unknown';29.920000;0;0;8.875074e-02
'unknown';29.930000;0;2.583866e-01;9.332225e-02
'unknown';29.940000;0;2.583866e-01;1.217121e-01
'unknown';29.950000;2.010528e+01;5.219439e-01;1.106951e-01
'unknown';29.960000;4.244395e+01;5.232893e-01;1.003806e-01
'unknown';29.970000;6.432020e+01;7.787009e-01;8.947707e-02
'unknown';29.980000;4.421492e+01;5.151436e-01;8.098803e-02
'unknown';29.990000;2.187625e+01;2.554117e-01;6.557771e-02
'unknown';30.000000;0;0;4.297268e-02
'unknown';30.010000;0;0;3.547451e-02
'unknown';30.020000;0;0;3.850213e-02
'unknown';30.030000;0;0;7.034973e-02
'unknown';30.040000;0;0;5.995403e-02
'unknown';30.050000;0;0;5.060127e-02
'unknown';30.060000;6.210059e+01;2.624182e-01;3.493147e-02
'unknown';30.070000;1.239719e+02;5.272064e-01;3.717722e-02
'unknown';30.080000;1.852380e+02;7.933409e-01;6.011899e-02
'unknown';30.090000;1.839018e+02;8.035746e-01;1.119717e-01
'unknown';30.100000;1.824849e+02;8.115272e-01;1.550933e-01
'unknown';30.110000;1.814376e+02;8.129713e-01;2.324006e-01
'unknown';30.120000;1.206732e+02;5.403193e-01;2.229542e-01
'unknown';30.130000;6.021880e+01;2.675785e-01;2.140637e-01
'unknown';30.140000;0;0;1.404185e-01
'unknown';30.150000;0;0;1.161555e-01
'unknown';30.160000;0;0;1.238873e-01
'unknown';30.170000;0;0;1.105882e-01
'unknown';30.180000;0;2.621321e-01;9.275120e-02
'unknown';30.190000;0;2.621321e-01;5.078825e-02
'unknown';30.200000;0;2.621321e-01;7.414592e-02
'unknown';30.210000;0;0;9.117048e-02
'unknown';30.220000;0;0;1.116278e-01
'unknown';30.230000;0;0;8.947746e-02
'unknown';30.240000;0;0;6.516701e-02
'unknown';30.250000;0;0;3.749792e-02
'unknown';30.260000;0;0;3.779278e-02
'unknown';30.270000;0;2.355907e-01;5.718167e-02
'unknown';30.280000;0;2.355907e-01;8.083997e-02
'unknown';30.290000;0;2.355907e-01;7.315462e-02
'unknown';30.300000;1.997242e+01;2.616836e-01;7.132471e-02
'unknown';30.310000;3.938691e+01;5.264258e-01;7.262023e-02
'unknown';30.320000;5.839076e+01;7.922979e-01;1.004710e-01
'unknown';30.330000;5.797092e+01;7.922900e-01;1.191094e-01
'unknown';30.340000;3.855643e+01;5.275477e-01;1.311716e-01
'unknown';30.350000;1.955258e+01;2.616757e-01;1.118755e-01
'unknown';30.360000;0;0;6.647990e-02
'unknown';30.370000;0;0;4.679729e-02
'unknown';30.380000;0;0;3.112104e-02
'unknown';30.390000;0;0;3.335715e-02
'unknown';30.400000;2.338764e+01;2.591714e-01;3.666602e-02
'unknown';30.410000;4.728668e+01;5.214181e-01;6.370909e-02
'unknown';30.420000;7.199625e+01;7.790663e-01;1.087212e-01
'unknown';30.430000;4.860861e+01;5.198948e-01;1.340168e-01
'unknown';30.440000;7.797504e+01;5.183178e-01;1.384218e-01
'unknown';30.450000;1.065646e+02;5.187997e-01;1.157820e-01
'unknown';30.460000;1.065646e+02;5.187997e-01;1.054457e-01
'unknown';30.470000;5.329917e+01;2.581300e-01;1.027611e-01
'unknown';30.480000;0;0;1.032476e-01
'unknown';30.490000;0;0;1.040601e-01
'unknown';30.500000;1.794731e+01;2.655655e-01;1.201695e-01
'unknown';30.510000;3.874052e+01;5.274127e-01;1.485640e-01
'unknown';30.520000;6.215844e+01;7.888004e-01;1.611577e-01
'unknown';30.530000;6.525495e+01;7.796575e-01;1.439797e-01
'unknown';30.540000;6.848294e+01;7.788860e-01;9.453645e-02
'unknown';30.550000;7.011340e+01;7.748775e-01;8.353450e-02
'unknown';30.560000;6.958322e+01;7.782322e-01;7.582751e-02
'unknown';30.570000;4.556202e+01;5.171564e-01;9.783345e-02
'unknown';30.580000;3.858301e+01;5.200811e-01;9.227213e-02
'unknown';30.590000;3.692584e+01;5.084204e-01;6.507542e-02
'unknown';30.600000;9.411834e+01;7.737539e-01;5.897437e-02
'unknown';30.610000;1.326321e+02;7.958118e-01;4.189158e-02
'unknown';30.620000;1.701517e+02;8.318555e-01;1.172704e-01
'unknown';30.630000;1.692262e+02;8.469854e-01;1.736660e-01
'unknown';30.640000;1.689363e+02;8.316742e-01;2.430052e-01
'unknown';30.650000;1.125602e+02;5.475139e-01;2.200381e-01
'unknown';30.660000;5.629324e+01;2.670504e-01;1.968718e-01
'unknown';30.670000;0;0;1.295043e-01
'unknown';30.680000;0;0;9.219116e-02
'unknown';30.690000;0;0;4.737972e-02
'unknown';30.700000;0;0;7.905409e-02
'unknown';30.710000;0;0;1.078269e-01
'unknown';30.720000;2.074791e+01;2.545640e-01;1.123836e-01
'unknown';30.730000;4.655113e+01;5.036041e-01;8.514402e-02
'unknown';30.740000;4.655113e+01;5.036041e-01;6.020692e-02
'unknown';30.750000;2.580321e+01;2.490401e-01;7.114952e-02
'unknown';30.760000;1.859821e+01;2.587458e-01;7.030851e-02
'unknown';30.770000;3.690426e+01;5.195808e-01;7.482678e-02
'unknown';30.780000;5.541983e+01;7.861139e-01;5.095850e-02
'unknown';30.790000;5.656365e+01;7.911894e-01;4.091233e-02
'unknown';30.800000;3.825760e+01;5.303544e-01;2.403178e-02
'unknown';30.810000;3.994918e+01;5.254567e-01;4.171173e-02
'unknown';30.820000;4.065678e+01;5.213379e-01;5.287491e-02
'unknown';30.830000;6.111943e+01;7.806129e-01;8.694296e-02
'unknown';30.840000;6.115910e+01;7.825915e-01;1.055672e-01
'unknown';30.850000;6.071883e+01;7.856745e-01;9.888472e-02
'unknown';30.860000;6.005292e+01;7.889214e-01;8.886888e-02
'unknown';30.870000;5.967826e+01;7.865874e-01;7.278974e-02
'unknown';30.880000;5.932713e+01;7.799528e-01;1.005233e-01
'unknown';30.890000;5.899633e+01;7.752016e-01;6.989902e-02
'unknown';30.900000;3.912416e+01;5.139217e-01;1.063437e-01
'unknown';30.910000;7.788730e+01;5.177833e-01;1.097069e-01
'unknown';30.920000;1.166303e+02;5.136655e-01;1.283147e-01
'unknown';30.930000;1.166303e+02;5.136655e-01;8.903015e-02
'unknown';30.940000;5.820891e+01;2.536528e-01;9.861553e-02
'unknown';30.950000;1.985478e+01;2.637599e-01;1.099197e-01
'unknown';30.960000;3.977125e+01;5.264300e-01;1.047603e-01
'unknown';30.970000;5.984024e+01;7.894246e-01;7.341456e-02
'unknown';30.980000;3.998546e+01;5.256646e-01;8.902178e-02
'unknown';30.990000;8.086977e+01;5.180928e-01;1.183401e-01
'unknown';31.000000;1.216413e+02;5.136517e-01;1.196034e-01
'unknown';31.010000;1.421398e+02;7.700220e-01;8.802026e-02
'unknown';31.020000;1.024216e+02;7.694319e-01;5.905430e-02
'unknown';31.030000;6.350779e+01;7.637954e-01;7.937828e-02
'unknown';31.040000;1.098993e+02;7.647716e-01;1.016257e-01
'unknown';31.050000;1.553712e+02;7.589851e-01;1.247637e-01
'unknown';31.060000;1.334444e+02;5.060681e-01;1.266460e-01
'unknown';31.070000;6.655442e+01;2.487217e-01;1.498163e-01
'unknown';31.080000;0;0;1.372152e-01
'unknown';31.090000;0;0;1.185922e-01
'unknown';31.100000;0;0;7.684290e-02
'unknown';31.110000;0;0;6.990572e-02
'unknown';31.120000;0;0;7.472175e-02
'unknown';31.130000;0;0;8.000230e-02
'unknown';31.140000;0;0;8.565228e-02
'unknown';31.150000;0;0;7.495002e-02
'unknown';31.160000;0;2.641275e-01;7.348835e-02
'unknown';31.170000;0;2.641275e-01;1.029635e-01
'unknown';31.180000;0;2.641275e-01;1.341131e-01
'unknown';31.190000;0;0;1.541051e-01
'unknown';31.200000;0;0;1.186708e-01
'unknown';31.210000;0;0;8.087696e-02
'unknown';31.220000;0;0;4.170441e-02
'unknown';31.230000;0;0;3.242656e-02
'unknown';31.240000;0;0;2.455791e-02
'unknown';31.250000;0;0;4.976591e-02
'unknown';31.260000;0;0;8.363115e-02
'unknown';31.270000;0;0;1.060555e-01
'unknown';31.280000;0;0;8.999305e-02
'unknown';31.290000;0;0;6.571494e-02
'unknown';31.300000;1.930930e+01;2.650394e-01;5.241586e-02
'unknown';31.310000;3.895070e+01;5.285097e-01;4.691846e-02
'unknown';31.320000;3.895070e+01;5.285097e-01;4.598099e-02
'unknown';31.330000;1.964140e+01;2.634703e-01;4.407511e-02
'unknown';31.340000;0;0;6.857214e-02
'unknown';31.350000;0;0;8.538979e-02
'unknown';31.360000;0;2.686207e-01;9.523428e-02
'unknown';31.370000;0;2.686207e-01;8.715436e-02
'unknown';31.380000;0;2.686207e-01;6.969476e-02
'unknown';31.390000;0;0;5.671536e-02
'unknown';31.400000;2.475666e+01;2.641264e-01;5.492095e-02
'unknown';31.410000;4.701713e+01;5.187151e-01;5.254829e-02
'unknown';31.420000;4.701713e+01;5.187151e-01;6.323907e-02
'unknown';31.430000;2.226047e+01;2.545887e-01;5.110747e-02
'unknown';31.440000;0;0;7.300070e-02
'unknown';31.450000;0;0;7.479160e-02
'unknown';31.460000;0;2.630463e-01;8.566654e-02
'unknown';31.470000;0;2.630463e-01;5.948826e-02
'unknown';31.480000;2.041641e+01;5.291005e-01;4.046277e-02
'unknown';31.490000;4.081363e+01;5.310249e-01;3.013483e-02
'unknown';31.500000;4.081363e+01;5.310249e-01;2.924665e-02
'unknown';31.510000;2.039721e+01;2.649707e-01;2.620855e-02
'unknown';31.520000;0;0;4.016456e-02
'unknown';31.530000;0;0;3.823076e-02
'unknown';31.540000;0;0;3.891177e-02
'unknown';31.550000;0;0;3.528370e-02
'unknown';31.560000;0;0;6.346861e-02
'unknown';31.570000;0;0;1.009531e-01
'unknown';31.580000;0;0;1.108843e-01
'unknown';31.590000;0;0;8.796263e-02
'unknown';31.600000;0;0;5.974748e-02
'unknown';31.610000;0;0;4.194765e-02
'unknown';31.620000;0;2.569434e-01;3.861819e-02
'unknown';31.630000;0;2.569434e-01;3.710735e-02
'unknown';31.640000;0;2.569434e-01;4.298054e-02
'unknown';31.650000;0;0;5.749332e-02
'unknown';31.660000;0;0;6.177063e-02
'unknown';31.670000;0;0;4.966183e-02
'unknown';31.680000;0;2.421532e-01;3.033268e-02
'unknown';31.690000;0;2.421532e-01;2.682339e-02
'unknown';31.700000;0;2.421532e-01;2.682339e-02
'unknown';31.710000;0;0;3.534991e-02
'unknown';31.720000;0;2.593849e-01;2.806157e-02
'unknown';31.730000;0;2.593849e-01;4.051333e-02
'unknown';31.740000;2.313235e+01;5.057860e-01;4.772291e-02
'unknown';31.750000;6.906764e+01;5.106300e-01;5.303654e-02
'unknown';31.760000;1.147974e+02;7.865636e-01;7.508872e-02
'unknown';31.770000;1.376257e+02;8.228930e-01;9.021443e-02
'unknown';31.780000;1.384076e+02;8.401477e-01;2.060024e-01
'unknown';31.790000;1.405912e+02;8.481018e-01;2.734973e-01
'unknown';31.800000;1.428434e+02;8.524370e-01;3.659667e-01
'unknown';31.810000;1.443322e+02;8.586392e-01;4.596261e-01
'unknown';31.820000;1.445255e+02;8.612354e-01;5.288215e-01
'unknown';31.830000;1.438680e+02;8.585780e-01;5.588383e-01
'unknown';31.840000;1.423505e+02;8.516784e-01;5.099611e-01
'unknown';31.850000;1.396318e+02;8.414063e-01;4.712749e-01
'unknown';31.860000;1.359687e+02;8.269171e-01;4.200325e-01
'unknown';31.870000;1.316991e+02;8.084006e-01;2.745427e-01
'unknown';31.880000;1.273139e+02;7.997157e-01;3.106499e-01
'unknown';31.890000;1.232092e+02;7.925732e-01;2.355641e-01
'unknown';31.900000;1.194288e+02;7.956219e-01;3.080434e-01
'unknown';31.910000;1.165494e+02;7.943848e-01;2.700246e-01
'unknown';31.920000;1.148305e+02;8.052669e-01;3.334491e-01
'unknown';31.930000;1.146102e+02;8.147035e-01;2.836812e-01
'unknown';31.940000;1.156038e+02;8.185953e-01;1.817448e-01
'unknown';31.950000;1.170848e+02;8.159849e-01;1.617749e-01
'unknown';31.960000;1.184864e+02;8.174343e-01;1.885407e-01
'unknown';31.970000;1.197914e+02;8.256566e-01;1.980407e-01
'unknown';31.980000;1.212132e+02;8.364408e-01;1.917555e-01
'unknown';31.990000;1.230293e+02;8.422043e-01;2.161363e-01
'unknown';32.000000;1.250211e+02;8.482687e-01;1.859473e-01
'unknown';32.010000;1.271814e+02;8.503832e-01;2.457176e-01
'unknown';32.020000;1.292079e+02;8.521514e-01;3.307830e-01
'unknown';32.030000;1.309307e+02;8.549277e-01;4.993779e-01
'unknown';32.040000;1.323929e+02;8.570477e-01;5.034576e-01
'unknown';32.050000;1.336516e+02;8.594742e-01;4.714272e-01
'unknown';32.060000;1.344779e+02;8.592100e-01;4.594467e-01
'unknown';32.070000;1.345901e+02;8.590894e-01;4.142237e-01
'unknown';32.080000;1.338071e+02;8.532497e-01;3.968738e-01
'unknown';32.090000;1.321604e+02;8.443644e-01;4.564818e-01
'unknown';32.100000;1.299516e+02;8.363772e-01;3.885170e-01
'unknown';32.110000;1.277634e+02;8.271101e-01;3.940623e-01
'unknown';32.120000;1.241910e+02;8.155150e-01;2.860698e-01
'unknown';32.130000;1.197277e+02;7.924930e-01;3.522932e-01
'unknown';32.140000;7.777775e+01;5.214373e-01;3.526298e-01
'unknown';32.150000;5.581881e+01;5.027946e-01;3.367839e-01
'unknown';32.160000;4.067077e+01;4.912120e-01;3.296961e-01
'unknown';32.170000;8.655294e+01;7.650724e-01;2.135178e-01
'unknown';32.180000;1.149162e+02;7.948514e-01;1.131628e-01
'unknown';32.190000;1.388485e+02;8.333496e-01;1.158526e-01
'unknown';32.200000;1.406965e+02;8.421543e-01;1.546170e-01
'unknown';32.210000;1.430345e+02;8.450460e-01;2.371109e-01
'unknown';32.220000;1.453421e+02;8.409965e-01;2.445130e-01
'unknown';32.230000;1.470086e+02;8.300589e-01;3.173379e-01
'unknown';32.240000;1.476055e+02;8.139688e-01;3.742432e-01
'unknown';32.250000;1.473464e+02;7.861848e-01;4.507600e-01
'unknown';32.260000;9.794971e+01;5.144574e-01;3.874858e-01
'unknown';32.270000;4.886647e+01;2.500194e-01;3.259405e-01
'unknown';32.280000;0;2.186421e-01;2.248469e-01
'unknown';32.290000;0;4.478527e-01;2.197073e-01
'unknown';32.300000;0;6.769647e-01;1.425916e-01
'unknown';32.310000;0;6.764004e-01;1.432945e-01
'unknown';32.320000;0;4.471897e-01;1.480470e-01
'unknown';32.330000;2.862429e+01;4.597564e-01;1.564865e-01
'unknown';32.340000;7.972269e+01;5.097771e-01;1.235221e-01
'unknown';32.350000;1.299046e+02;7.816212e-01;1.095942e-01
'unknown';32.360000;1.501074e+02;8.152051e-01;2.013900e-01
'unknown';32.370000;1.465565e+02;8.266760e-01;2.438569e-01
'unknown';32.380000;1.423736e+02;8.332331e-01;2.435603e-01
'unknown';32.390000;1.387812e+02;8.373668e-01;2.388615e-01
'unknown';32.400000;1.365519e+02;8.360583e-01;3.065470e-01
'unknown';32.410000;1.365146e+02;8.393598e-01;3.628476e-01
'unknown';32.420000;1.375226e+02;8.395064e-01;3.802158e-01
'unknown';32.430000;1.384867e+02;8.400974e-01;3.386292e-01
'unknown';32.440000;1.388136e+02;8.391557e-01;2.752158e-01
'unknown';32.450000;1.389515e+02;8.412096e-01;1.913238e-01
'unknown';32.460000;1.392847e+02;8.438349e-01;1.062067e-01
'unknown';32.470000;1.397157e+02;8.430688e-01;1.450828e-01
'unknown';32.480000;1.399597e+02;8.399003e-01;2.587132e-01
'unknown';32.490000;1.397684e+02;8.305784e-01;3.544266e-01
'unknown';32.500000;1.394705e+02;8.193416e-01;3.410752e-01
'unknown';32.510000;1.390238e+02;8.104222e-01;2.727287e-01
'unknown';32.520000;1.380862e+02;8.024480e-01;2.661883e-01
'unknown';32.530000;1.318731e+02;7.927344e-01;2.755483e-01
'unknown';32.540000;1.259039e+02;7.799640e-01;2.871495e-01
'unknown';32.550000;1.203466e+02;7.734611e-01;2.455112e-01
'unknown';32.560000;8.013786e+01;5.144168e-01;1.764772e-01
'unknown';32.570000;3.992909e+01;2.576783e-01;1.799465e-01
'unknown';32.580000;0;0;1.701539e-01
'unknown';32.590000;0;0;2.077782e-01
'unknown';32.600000;1.860745e+01;2.571386e-01;1.601763e-01
'unknown';32.610000;3.729338e+01;5.094784e-01;1.156241e-01
'unknown';32.620000;7.512891e+01;7.682848e-01;1.098582e-01
'unknown';32.630000;9.461106e+01;7.673489e-01;1.129494e-01
'unknown';32.640000;1.143244e+02;7.779971e-01;1.833041e-01
'unknown';32.650000;1.148134e+02;7.828640e-01;1.921118e-01
'unknown';32.660000;1.142777e+02;7.949279e-01;2.301744e-01
'unknown';32.670000;1.129162e+02;7.985583e-01;1.934249e-01
'unknown';32.680000;1.114229e+02;8.017558e-01;1.857709e-01
'unknown';32.690000;1.107198e+02;7.981320e-01;1.231243e-01
'unknown';32.700000;1.105611e+02;8.035662e-01;1.575067e-01
'unknown';32.710000;7.372994e+01;5.366954e-01;2.052861e-01
'unknown';32.720000;5.515863e+01;5.359852e-01;2.504213e-01
'unknown';32.730000;3.645634e+01;5.277479e-01;2.145431e-01
'unknown';32.740000;5.435540e+01;7.870631e-01;2.141163e-01
'unknown';32.750000;5.417787e+01;7.895944e-01;1.840400e-01
'unknown';32.760000;7.264668e+01;7.903892e-01;2.370688e-01
'unknown';32.770000;9.247089e+01;8.025708e-01;1.935512e-01
'unknown';32.780000;1.132454e+02;8.062804e-01;1.757812e-01
'unknown';32.790000;1.159955e+02;8.006802e-01;1.076426e-01
'unknown';32.800000;1.179434e+02;7.947245e-01;6.086479e-02
'unknown';32.810000;1.184370e+02;7.950921e-01;1.518609e-01
'unknown';32.820000;1.182046e+02;8.124054e-01;2.431103e-01
'unknown';32.830000;1.178120e+02;8.225849e-01;3.453328e-01
'unknown';32.840000;1.178471e+02;8.247945e-01;3.596152e-01
'unknown';32.850000;1.182388e+02;8.226151e-01;3.493898e-01
'unknown';32.860000;1.188006e+02;8.207924e-01;2.641469e-01
'unknown';32.870000;1.198036e+02;8.255861e-01;2.360994e-01
'unknown';32.880000;1.212468e+02;8.270100e-01;2.345716e-01
'unknown';32.890000;1.227275e+02;8.285158e-01;3.477846e-01
'unknown';32.900000;1.235377e+02;8.278171e-01;3.834605e-01
'unknown';32.910000;1.232892e+02;8.187476e-01;3.571961e-01
'unknown';32.920000;1.239318e+02;8.012545e-01;3.497126e-01
'unknown';32.930000;1.246770e+02;7.882323e-01;3.266239e-01
'unknown';32.940000;1.261466e+02;7.937718e-01;3.319416e-01
'unknown';32.950000;1.259511e+02;8.002334e-01;2.564774e-01
'unknown';32.960000;1.251302e+02;7.990558e-01;2.553905e-01
'unknown';32.970000;1.233223e+02;7.959144e-01;2.452847e-01
'unknown';32.980000;1.213666e+02;8.016829e-01;3.053408e-01
'unknown';32.990000;1.197984e+02;8.056141e-01;2.316118e-01
'unknown';33.000000;1.181056e+02;7.974690e-01;2.838142e-01
'unknown';33.010000;7.829305e+01;5.273287e-01;2.348583e-01
'unknown';33.020000;3.871855e+01;2.607517e-01;3.201869e-01
'unknown';33.030000;0;0;2.229492e-01
'unknown';33.040000;3.558515e+01;2.678505e-01;2.237738e-01
'unknown';33.050000;7.062978e+01;5.376635e-01;1.250931e-01
'unknown';33.060000;1.049832e+02;8.010183e-01;1.593156e-01
'unknown';33.070000;1.032377e+02;7.928109e-01;1.409321e-01
'unknown';33.080000;1.019531e+02;7.885754e-01;1.901696e-01
'unknown';33.090000;1.010057e+02;7.912162e-01;2.233006e-01
'unknown';33.100000;1.001474e+02;7.941478e-01;2.354730e-01
'unknown';33.110000;6.638732e+01;5.285704e-01;1.905635e-01
'unknown';33.120000;3.298133e+01;2.625748e-01;1.559967e-01
'unknown';33.130000;0;0;1.637030e-01
'unknown';33.140000;0;0;1.828004e-01
'unknown';33.150000;0;0;1.653934e-01
'unknown';33.160000;0;0;1.507217e-01
'unknown';33.170000;0;0;1.892547e-01
'unknown';33.180000;0;0;2.047624e-01
'unknown';33.190000;0;0;2.050770e-01
'unknown';33.200000;0;0;1.924865e-01
'unknown';33.210000;0;0;2.059894e-01
'unknown';33.220000;0;2.542502e-01;1.943289e-01
'unknown';33.230000;0;2.542502e-01;1.530052e-01
'unknown';33.240000;0;5.069620e-01;1.052065e-01
'unknown';33.250000;0;2.527117e-01;9.965666e-02
'unknown';33.260000;0;2.527117e-01;1.184260e-01
'unknown';33.270000;0;0;1.430569e-01
'unknown';33.280000;0;0;1.235742e-01
'unknown';33.290000;0;0;1.164498e-01
'unknown';33.300000;0;0;1.127228e-01
'unknown';33.310000;0;0;1.383030e-01
'unknown';33.320000;0;0;1.161090e-01
'unknown';33.330000;0;0;9.790500e-02
'unknown';33.340000;0;0;6.220312e-02
'unknown';33.350000;0;0;8.102071e-02
'unknown';33.360000;0;0;9.870165e-02
'unknown';33.370000;0;0;1.146178e-01
'unknown';33.380000;0;0;9.277859e-02
'unknown';33.390000;0;0;8.519568e-02
'unknown';33.400000;2.354780e+01;2.675683e-01;6.820705e-02
'unknown';33.410000;4.653513e+01;5.332900e-01;9.522676e-02
'unknown';33.420000;6.917437e+01;7.930174e-01;9.220549e-02
'unknown';33.430000;4.562657e+01;5.254492e-01;1.269490e-01
'unknown';33.440000;2.263924e+01;2.597275e-01;1.295713e-01
'unknown';33.450000;0;0;9.458675e-02
'unknown';33.460000;2.455987e+01;2.658374e-01;6.039019e-02
'unknown';33.470000;4.728218e+01;5.253416e-01;4.982893e-02
'unknown';33.480000;4.728218e+01;5.253416e-01;6.552918e-02
'unknown';33.490000;2.272230e+01;2.595041e-01;9.839957e-02
'unknown';33.500000;0;0;8.234052e-02
'unknown';33.510000;0;2.623483e-01;8.552048e-02
'unknown';33.520000;0;2.623483e-01;8.217584e-02
'unknown';33.530000;0;2.623483e-01;1.123183e-01
'unknown';33.540000;0;0;1.043190e-01
'unknown';33.550000;0;2.561907e-01;1.022581e-01
'unknown';33.560000;0;2.561907e-01;8.653792e-02
'unknown';33.570000;0;2.561907e-01;1.217688e-01
'unknown';33.580000;0;2.507800e-01;9.430397e-02
'unknown';33.590000;0;2.507800e-01;7.959192e-02
'unknown';33.600000;0;2.507800e-01;6.763113e-02
'unknown';33.610000;0;0;8.353484e-02
'unknown';33.620000;0;2.699669e-01;1.012787e-01
'unknown';33.630000;0;2.699669e-01;1.076344e-01
'unknown';33.640000;0;2.699669e-01;1.026936e-01
'unknown';33.650000;2.373662e+01;2.658935e-01;8.058473e-02
'unknown';33.660000;4.748781e+01;5.287756e-01;6.985182e-02
'unknown';33.670000;7.179399e+01;7.936659e-01;7.914805e-02
'unknown';33.680000;7.406905e+01;7.948825e-01;1.179440e-01
'unknown';33.690000;7.648351e+01;7.989139e-01;1.118285e-01
'unknown';33.700000;7.612347e+01;7.923713e-01;1.236693e-01
'unknown';33.710000;5.011179e+01;5.252612e-01;6.917306e-02
'unknown';33.720000;2.394613e+01;2.583477e-01;7.147607e-02
'unknown';33.730000;0;0;4.970415e-02
'unknown';33.740000;2.334625e+01;2.635428e-01;9.096086e-02
'unknown';33.750000;4.668942e+01;5.237693e-01;8.944020e-02
'unknown';33.760000;7.236666e+01;7.757004e-01;1.055169e-01
'unknown';33.770000;4.902040e+01;5.121576e-01;9.357437e-02
'unknown';33.780000;2.567724e+01;2.519311e-01;1.287849e-01
'unknown';33.790000;0;0;1.209020e-01
'unknown';33.800000;1.846105e+01;2.547420e-01;1.028789e-01
'unknown';33.810000;3.621086e+01;5.095320e-01;6.608766e-02
'unknown';33.820000;6.309764e+01;7.610437e-01;7.397050e-02
'unknown';33.830000;4.463659e+01;5.063017e-01;1.154400e-01
'unknown';33.840000;5.404579e+01;5.114773e-01;1.254565e-01
'unknown';33.850000;5.459982e+01;5.269187e-01;1.109426e-01
'unknown';33.860000;8.224028e+01;7.907805e-01;8.104182e-02
'unknown';33.870000;5.508127e+01;5.308151e-01;6.581467e-02
'unknown';33.880000;5.575305e+01;5.241056e-01;6.293789e-02
'unknown';33.890000;5.640648e+01;5.224565e-01;5.577829e-02
'unknown';33.900000;8.457922e+01;7.828889e-01;8.441446e-02
'unknown';33.910000;8.388552e+01;7.815461e-01;1.149995e-01
'unknown';33.920000;1.090898e+02;7.819040e-01;9.929926e-02
'unknown';33.930000;1.340071e+02;7.844443e-01;6.389491e-02
'unknown';33.940000;1.595296e+02;7.870243e-01;5.155024e-02
'unknown';33.950000;1.577812e+02;7.853858e-01;1.215409e-01
'unknown';33.960000;1.564410e+02;7.869339e-01;1.598347e-01
'unknown';33.970000;1.539259e+02;7.927452e-01;2.132698e-01
'unknown';33.980000;1.514915e+02;7.936972e-01;2.495112e-01
'unknown';33.990000;1.496773e+02;7.813681e-01;2.926871e-01
'unknown';34.000000;1.248302e+02;7.679811e-01;2.566243e-01
'unknown';34.010000;7.551476e+01;5.060971e-01;1.834831e-01
'unknown';34.020000;2.557903e+01;2.539052e-01;1.506362e-01
'unknown';34.030000;0;0;1.363391e-01
'unknown';34.040000;0;0;1.481336e-01
'unknown';34.050000;0;0;1.295127e-01
'unknown';34.060000;0;0;1.088617e-01
'unknown';34.070000;0;0;7.899512e-02
'unknown';34.080000;0;0;5.278348e-02
'unknown';34.090000;0;0;4.006666e-02
'unknown';34.100000;0;2.502434e-01;3.592889e-02
'unknown';34.110000;0;2.502434e-01;4.132298e-02
'unknown';34.120000;0;2.502434e-01;4.488658e-02
'unknown';34.130000;0;0;4.403934e-02
'unknown';34.140000;0;0;3.169254e-02
'unknown';34.150000;0;0;3.536175e-02
'unknown';34.160000;2.240876e+01;2.555446e-01;3.253978e-02
'unknown';34.170000;4.545302e+01;5.200976e-01;4.517631e-02
'unknown';34.180000;4.545302e+01;5.200976e-01;4.752540e-02
'unknown';34.190000;4.220728e+01;5.321365e-01;7.571030e-02
'unknown';34.200000;3.702302e+01;5.391091e-01;7.901364e-02
'unknown';34.210000;5.683607e+01;8.054345e-01;8.584884e-02
'unknown';34.220000;3.767305e+01;5.378509e-01;6.872305e-02
'unknown';34.230000;1.981305e+01;2.663254e-01;4.715778e-02
'unknown';34.240000;0;0;4.858253e-02
'unknown';34.250000;0;0;5.916180e-02
'unknown';34.260000;0;0;6.071690e-02
'unknown';34.270000;0;2.383942e-01;5.318817e-02
'unknown';34.280000;0;2.383942e-01;3.154981e-02
'unknown';34.290000;0;4.945978e-01;3.749685e-02
'unknown';34.300000;0;2.562037e-01;5.466251e-02
'unknown';34.310000;0;2.562037e-01;5.613449e-02
'unknown';34.320000;0;0;7.898379e-02
'unknown';34.330000;0;0;6.519022e-02
'unknown';34.340000;0;0;8.650842e-02
'unknown';34.350000;0;0;5.615698e-02
'unknown';34.360000;0;0;4.654206e-02
'unknown';34.370000;0;0;4.766707e-02
'unknown';34.380000;0;0;8.664408e-02
'unknown';34.390000;0;0;1.004156e-01
'unknown';34.400000;0;0;9.160673e-02
'unknown';34.410000;0;0;7.497736e-02
'unknown';34.420000;0;0;7.869536e-02
'unknown';34.430000;0;0;5.413444e-02
'unknown';34.440000;0;2.656233e-01;2.969379e-02
'unknown';34.450000;0;2.656233e-01;7.395707e-03
'unknown';34.460000;0;2.656233e-01;2.465731e-02
'unknown';34.470000;1.846870e+01;2.720396e-01;6.005394e-02
'unknown';34.480000;3.705923e+01;5.424565e-01;1.182573e-01
'unknown';34.490000;5.735452e+01;8.105014e-01;1.470554e-01
'unknown';34.500000;3.888583e+01;5.384619e-01;1.490727e-01
'unknown';34.510000;4.116697e+01;5.347893e-01;1.126574e-01
'unknown';34.520000;4.193576e+01;5.316542e-01;8.617395e-02
'unknown';34.530000;6.440158e+01;7.938452e-01;7.988703e-02
'unknown';34.540000;6.544659e+01;7.879372e-01;9.810258e-02
'unknown';34.550000;4.438250e+01;5.230274e-01;1.138601e-01
'unknown';34.560000;2.191667e+01;2.608365e-01;8.830044e-02
'unknown';34.570000;0;0;7.008489e-02
'unknown';34.580000;2.272731e+01;2.538897e-01;6.143470e-02
'unknown';34.590000;4.487663e+01;5.073635e-01;6.546255e-02
'unknown';34.600000;6.988583e+01;7.648247e-01;6.225449e-02
'unknown';34.610000;7.227709e+01;7.665444e-01;3.990687e-02
'unknown';34.620000;5.012778e+01;5.130706e-01;5.749962e-02
'unknown';34.630000;2.511859e+01;5.316666e-01;5.204423e-02
'unknown';34.640000;0;2.760572e-01;8.575696e-02
'unknown';34.650000;0;5.441208e-01;1.043325e-01
'unknown';34.660000;0;2.680636e-01;1.286157e-01
'unknown';34.670000;0;2.680636e-01;1.265394e-01
'unknown';34.680000;0;0;1.187817e-01
'unknown';34.690000;0;0;9.348261e-02
'unknown';34.700000;0;0;7.708653e-02
'unknown';34.710000;0;0;4.996169e-02
'unknown';34.720000;0;0;5.030465e-02
'unknown';34.730000;0;2.549053e-01;6.064039e-02
'unknown';34.740000;0;2.549053e-01;6.372073e-02
'unknown';34.750000;0;2.549053e-01;8.636483e-02
'unknown';34.760000;0;0;8.564109e-02
'unknown';34.770000;0;2.689522e-01;1.108524e-01
'unknown';34.780000;0;2.689522e-01;1.196500e-01
'unknown';34.790000;0;5.290744e-01;1.324524e-01
'unknown';34.800000;0;2.601221e-01;1.255071e-01
'unknown';34.810000;0;5.200891e-01;8.691218e-02
'unknown';34.820000;0;2.599670e-01;9.344969e-02
'unknown';34.830000;0;5.185795e-01;1.083693e-01
'unknown';34.840000;0;2.586125e-01;1.088445e-01
'unknown';34.850000;0;2.586125e-01;9.094051e-02
'unknown';34.860000;0;0;6.297430e-02
'unknown';34.870000;0;0;8.948153e-02
'unknown';34.880000;1.981896e+01;2.682525e-01;8.422805e-02
'unknown';34.890000;4.108635e+01;5.382130e-01;8.422805e-02
'unknown';34.900000;6.293279e+01;8.088496e-01;8.234166e-02
'unknown';34.910000;4.311383e+01;5.405971e-01;9.741560e-02
'unknown';34.920000;2.184644e+01;2.706365e-01;1.128044e-01
'unknown';34.930000;0;0;8.065650e-02
'unknown';34.940000;0;0;6.477273e-02
'unknown';34.950000;2.207747e+01;2.608037e-01;3.934893e-02
'unknown';34.960000;4.720936e+01;5.250811e-01;7.540748e-02
'unknown';34.970000;7.095103e+01;7.858534e-01;7.457945e-02
'unknown';34.980000;4.887356e+01;5.250497e-01;9.633791e-02
'unknown';34.990000;4.421306e+01;5.275686e-01;7.515726e-02
'unknown';35.000000;4.077073e+01;5.331994e-01;9.639879e-02
'unknown';35.010000;6.151434e+01;8.048164e-01;1.159922e-01
'unknown';35.020000;6.185444e+01;8.022973e-01;1.369736e-01
'unknown';35.030000;6.043281e+01;7.992887e-01;1.078406e-01
'unknown';35.040000;5.799121e+01;7.907708e-01;7.201426e-02
'unknown';35.050000;3.717973e+01;5.264937e-01;6.408101e-02
'unknown';35.060000;1.830202e+01;5.221532e-01;7.594316e-02
'unknown';35.070000;0;2.590541e-01;8.219913e-02
'unknown';35.080000;0;2.590541e-01;5.602633e-02
'unknown';35.090000;2.017345e+01;2.669602e-01;3.347563e-02
'unknown';35.100000;4.001405e+01;5.344856e-01;3.081935e-02
'unknown';35.110000;4.001405e+01;5.344856e-01;6.391866e-02
'unknown';35.120000;4.064149e+01;5.336171e-01;9.235764e-02
'unknown';35.130000;4.178084e+01;5.177416e-01;8.910554e-02
'unknown';35.140000;4.178084e+01;7.446044e-01;6.438742e-02
'unknown';35.150000;2.097994e+01;7.256098e-01;5.310374e-02
'unknown';35.160000;0;7.033515e-01;4.937615e-02
'unknown';35.170000;7.053573e+01;7.399171e-01;4.305102e-02
'unknown';35.180000;1.428698e+02;7.761082e-01;5.275954e-02
'unknown';35.190000;2.157264e+02;8.327344e-01;7.391289e-02
'unknown';35.200000;2.185235e+02;8.502970e-01;1.009560e-01
'unknown';35.210000;2.199619e+02;8.361859e-01;1.461130e-01
'unknown';35.220000;2.251102e+02;8.117673e-01;1.621733e-01
'unknown';35.230000;2.308401e+02;7.830853e-01;2.609460e-01
'unknown';35.240000;2.304657e+02;7.700424e-01;2.112232e-01
'unknown';35.250000;2.258587e+02;7.664165e-01;1.847626e-01
'unknown';35.260000;2.200922e+02;7.588975e-01;8.999003e-02
'unknown';35.270000;1.466942e+02;7.289947e-01;1.208258e-01
'unknown';35.280000;7.329623e+01;6.938283e-01;1.083769e-01
'unknown';35.290000;0;6.773595e-01;1.212081e-01
'unknown';35.300000;0;6.868964e-01;8.748230e-02
'unknown';35.310000;0;4.640895e-01;9.676737e-02
'unknown';35.320000;0;2.357683e-01;6.740505e-02
'unknown';35.330000;0;2.512453e-01;6.273614e-02
'unknown';35.340000;0;2.512453e-01;6.054732e-02
'unknown';35.350000;4.252753e+01;4.973634e-01;6.283733e-02
'unknown';35.360000;1.268540e+02;5.053473e-01;7.675812e-02
'unknown';35.370000;2.032113e+02;7.506441e-01;7.924727e-02
'unknown';35.380000;2.303913e+02;7.597980e-01;6.662467e-02
'unknown';35.390000;2.125037e+02;7.698529e-01;1.737336e-01
'unknown';35.400000;2.002892e+02;7.920062e-01;2.538436e-01
'unknown';35.410000;1.920189e+02;8.015969e-01;3.021117e-01
'unknown';35.420000;1.860474e+02;7.989019e-01;2.173020e-01
'unknown';35.430000;1.814594e+02;7.967483e-01;2.360845e-01
'unknown';35.440000;1.789377e+02;7.890646e-01;2.591923e-01
'unknown';35.450000;1.184704e+02;5.224752e-01;2.832678e-01
'unknown';35.460000;8.212399e+01;5.054036e-01;2.529155e-01
'unknown';35.470000;4.706332e+01;4.987832e-01;2.278223e-01
'unknown';35.480000;4.706332e+01;4.987832e-01;1.724675e-01
'unknown';35.490000;2.385494e+01;2.505584e-01;9.906543e-02
'unknown';35.500000;1.967360e+01;2.640952e-01;4.977658e-02
'unknown';35.510000;3.885942e+01;5.270299e-01;3.678182e-02
'unknown';35.520000;3.885942e+01;5.270299e-01;4.559094e-02
'unknown';35.530000;1.918583e+01;2.629347e-01;6.176974e-02
'unknown';35.540000;6.347700e+01;2.593534e-01;7.887601e-02
'unknown';35.550000;1.216378e+02;5.132682e-01;6.443185e-02
'unknown';35.560000;1.797986e+02;7.837852e-01;5.257586e-02
'unknown';35.570000;1.735317e+02;8.023760e-01;5.108242e-02
'unknown';35.580000;1.718297e+02;8.318484e-01;1.850425e-01
'unknown';35.590000;1.699815e+02;8.442886e-01;2.714144e-01
'unknown';35.600000;1.690429e+02;8.470036e-01;3.652231e-01
'unknown';35.610000;1.688215e+02;8.414793e-01;3.185491e-01
'unknown';35.620000;1.688642e+02;8.312917e-01;2.930273e-01
'unknown';35.630000;1.690652e+02;8.197716e-01;1.789766e-01
'unknown';35.640000;1.691113e+02;8.034858e-01;1.681767e-01
'unknown';35.650000;1.688334e+02;7.918598e-01;1.024319e-01
'unknown';35.660000;1.684831e+02;7.778013e-01;1.522739e-01
'unknown';35.670000;1.121996e+02;5.162242e-01;1.035180e-01
'unknown';35.680000;5.612216e+01;2.550808e-01;1.423037e-01
'unknown';35.690000;0;0;1.174977e-01
'unknown';35.700000;0;0;1.055243e-01
'unknown';35.710000;0;0;9.468868e-02
'unknown';35.720000;0;0;7.137298e-02
'unknown';35.730000;0;0;6.897644e-02
'unknown';35.740000;0;0;5.638613e-02
'unknown';35.750000;6.173501e+01;2.430896e-01;6.797073e-02
'unknown';35.760000;1.226345e+02;5.135038e-01;5.801426e-02
'unknown';35.770000;1.828112e+02;7.949437e-01;5.210586e-02
'unknown';35.780000;1.807151e+02;8.403068e-01;3.880100e-02
'unknown';35.790000;1.794668e+02;8.608181e-01;1.066261e-01
'unknown';35.800000;1.791730e+02;8.682362e-01;1.303935e-01
'unknown';35.810000;1.798905e+02;8.680239e-01;1.749350e-01
'unknown';35.820000;1.812469e+02;8.636974e-01;1.638097e-01
'unknown';35.830000;1.831009e+02;8.640866e-01;2.704911e-01
'unknown';35.840000;1.848105e+02;8.655730e-01;3.089339e-01
'unknown';35.850000;1.858970e+02;8.681024e-01;3.071716e-01
'unknown';35.860000;1.862725e+02;8.637663e-01;2.263784e-01
'unknown';35.870000;1.871347e+02;8.519652e-01;1.466366e-01
'unknown';35.880000;1.879039e+02;8.434666e-01;1.977791e-01
'unknown';35.890000;1.884684e+02;8.360672e-01;2.397419e-01
'unknown';35.900000;1.877795e+02;8.324900e-01;3.185633e-01
'unknown';35.910000;1.863918e+02;8.216255e-01;2.723626e-01
'unknown';35.920000;1.846243e+02;8.243638e-01;2.371688e-01
'unknown';35.930000;1.828266e+02;8.313763e-01;1.727288e-01
'unknown';35.940000;1.816406e+02;8.426636e-01;1.675133e-01
'unknown';35.950000;1.810834e+02;8.424721e-01;1.765912e-01
'unknown';35.960000;1.810195e+02;8.366819e-01;2.460182e-01
'unknown';35.970000;1.515414e+02;8.080277e-01;2.832531e-01
'unknown';35.980000;1.129560e+02;7.723610e-01;2.559694e-01
'unknown';35.990000;7.484235e+01;7.421040e-01;2.068661e-01
'unknown';36.000000;6.284536e+01;7.348995e-01;1.273205e-01
'unknown';36.010000;6.680548e+01;7.317253e-01;1.295110e-01
'unknown';36.020000;4.454153e+01;4.864115e-01;1.553849e-01
'unknown';36.030000;2.572689e+01;2.412175e-01;1.449055e-01
'unknown';36.040000;0;0;9.063413e-02
'unknown';36.050000;0;0;3.720833e-02
'unknown';36.060000;0;0;2.993328e-02
'unknown';36.070000;0;0;4.447683e-02
'unknown';36.080000;0;0;5.432315e-02
'unknown';36.090000;0;0;6.995496e-02
'unknown';36.100000;0;0;5.716463e-02
'unknown';36.110000;0;2.576009e-01;4.799124e-02
'unknown';36.120000;0;2.576009e-01;3.124052e-02
'unknown';36.130000;2.092740e+01;5.150577e-01;5.901061e-02
'unknown';36.140000;4.109953e+01;5.172914e-01;5.729474e-02
'unknown';36.150000;4.109953e+01;5.172914e-01;6.087295e-02
'unknown';36.160000;2.017212e+01;2.598346e-01;4.876996e-02
'unknown';36.170000;0;0;5.837202e-02
'unknown';36.180000;0;2.525043e-01;7.543594e-02
'unknown';36.190000;0;2.525043e-01;7.322388e-02
'unknown';36.200000;0;2.525043e-01;4.930307e-02
'unknown';36.210000;0;0;2.674175e-02
'unknown';36.220000;0;2.318785e-01;2.739097e-02
'unknown';36.230000;0;2.318785e-01;4.135225e-02
'unknown';36.240000;0;2.318785e-01;3.770412e-02
'unknown';36.250000;0;0;2.840839e-02
'unknown';36.260000;0;0;2.216555e-02
'unknown';36.270000;0;0;2.830478e-02
'unknown';36.280000;2.161396e+01;2.653454e-01;3.727775e-02
'unknown';36.290000;4.313801e+01;5.320928e-01;5.132744e-02
'unknown';36.300000;4.313801e+01;5.320928e-01;5.239993e-02
'unknown';36.310000;4.242302e+01;5.332863e-01;5.335764e-02
'unknown';36.320000;4.270094e+01;5.301690e-01;6.271646e-02
'unknown';36.330000;6.480016e+01;7.920234e-01;8.412104e-02
'unknown';36.340000;4.390118e+01;5.254843e-01;6.422903e-02
'unknown';36.350000;2.209923e+01;5.296617e-01;5.316733e-02
'unknown';36.360000;0;2.678074e-01;4.402915e-02
'unknown';36.370000;0;2.678074e-01;5.715298e-02
'unknown';36.380000;0;0;4.377396e-02
'unknown';36.390000;0;0;3.999609e-02
'unknown';36.400000;0;0;3.276328e-02
'unknown';36.410000;0;0;3.930709e-02
'unknown';36.420000;0;0;2.917415e-02
'unknown';36.430000;0;0;2.843595e-02
'unknown';36.440000;0;2.645170e-01;2.292435e-02
'unknown';36.450000;0;2.645170e-01;4.127784e-02
'unknown';36.460000;0;2.645170e-01;4.505415e-02
'unknown';36.470000;0;2.570252e-01;4.230170e-02
'unknown';36.480000;0;2.570252e-01;3.339960e-02
'unknown';36.490000;0;2.570252e-01;2.880640e-02
'unknown';36.500000;0;2.770690e-01;4.615845e-02
'unknown';36.510000;0;2.770690e-01;5.952108e-02
'unknown';36.520000;0;2.770690e-01;8.674224e-02
'unknown';36.530000;0;0;1.112276e-01
'unknown';36.540000;0;0;1.321875e-01
'unknown';36.550000;0;0;1.416594e-01
'unknown';36.560000;0;0;9.261312e-02
'unknown';36.570000;1.824422e+01;2.717225e-01;4.102898e-02
'unknown';36.580000;3.638617e+01;5.408105e-01;3.132560e-02
'unknown';36.590000;3.638617e+01;5.408105e-01;4.960311e-02
'unknown';36.600000;3.812473e+01;5.325832e-01;5.741331e-02
'unknown';36.610000;3.946039e+01;5.233933e-01;3.836430e-02
'unknown';36.620000;5.929711e+01;7.883045e-01;4.353937e-02
'unknown';36.630000;5.978325e+01;7.960765e-01;5.264320e-02
'unknown';36.640000;6.102287e+01;8.043858e-01;5.264320e-02
'unknown';36.650000;6.174094e+01;8.087868e-01;3.639950e-02
'unknown';36.660000;4.127201e+01;5.375196e-01;3.568963e-02
'unknown';36.670000;4.114103e+01;5.380290e-01;6.186791e-02
'unknown';36.680000;4.134379e+01;5.327700e-01;1.077266e-01
'unknown';36.690000;4.134379e+01;5.327700e-01;1.407406e-01
'unknown';36.700000;4.328523e+01;5.200625e-01;1.056853e-01
'unknown';36.710000;4.310468e+01;5.234357e-01;7.219402e-02
'unknown';36.720000;6.302857e+01;7.911461e-01;3.135796e-02
'unknown';36.730000;6.217228e+01;8.022149e-01;6.132820e-02
'unknown';36.740000;6.119127e+01;8.042829e-01;7.622206e-02
'unknown';36.750000;6.065266e+01;8.060115e-01;1.014317e-01
'unknown';36.760000;3.898127e+01;5.389333e-01;7.851332e-02
'unknown';36.770000;1.938528e+01;2.694391e-01;5.674812e-02
'unknown';36.780000;0;0;4.397623e-02
'unknown';36.790000;0;0;6.122835e-02
'unknown';36.800000;0;0;5.848475e-02
'unknown';36.810000;0;2.603610e-01;4.423687e-02
'unknown';36.820000;0;2.603610e-01;3.610960e-02
'unknown';36.830000;0;2.603610e-01;4.047880e-02
'unknown';36.840000;0;0;4.937970e-02
'unknown';36.850000;0;0;5.000791e-02
'unknown';36.860000;0;2.704173e-01;4.563871e-02
'unknown';36.870000;0;2.704173e-01;5.580267e-02
'unknown';36.880000;1.965567e+01;5.417474e-01;5.960922e-02
'unknown';36.890000;3.997367e+01;5.397392e-01;7.760251e-02
'unknown';36.900000;3.997367e+01;5.397392e-01;7.760251e-02
'unknown';36.910000;2.031801e+01;2.684090e-01;7.560737e-02
'unknown';36.920000;0;0;6.907622e-02
'unknown';36.930000;0;0;6.516034e-02
'unknown';36.940000;0;0;6.142197e-02
'unknown';36.950000;1.771009e+01;2.751941e-01;6.483134e-02
'unknown';36.960000;3.580746e+01;5.440090e-01;7.887064e-02
'unknown';36.970000;5.542805e+01;8.113294e-01;1.037188e-01
'unknown';36.980000;5.773030e+01;8.009365e-01;1.306363e-01
'unknown';36.990000;3.963293e+01;5.321217e-01;1.456237e-01
'unknown';37.000000;4.213833e+01;5.258811e-01;1.356448e-01
'unknown';37.010000;4.517979e+01;5.273046e-01;9.617107e-02
'unknown';37.020000;6.849221e+01;7.941349e-01;6.302803e-02
'unknown';37.030000;4.636622e+01;5.330551e-01;6.120677e-02
'unknown';37.040000;4.272798e+01;5.366878e-01;6.882218e-02
'unknown';37.050000;3.774140e+01;5.393133e-01;8.546955e-02
'unknown';37.060000;3.774140e+01;5.393133e-01;1.045544e-01
'unknown';37.070000;1.832584e+01;2.694558e-01;1.310800e-01
'unknown';37.080000;0;2.552895e-01;1.306409e-01
'unknown';37.090000;0;2.552895e-01;1.031156e-01
'unknown';37.100000;0;5.216535e-01;6.258895e-02
'unknown';37.110000;0;2.663640e-01;5.622704e-02
'unknown';37.120000;0;5.006089e-01;5.025595e-02
'unknown';37.130000;0;2.342448e-01;5.664152e-02
'unknown';37.140000;0;2.342448e-01;4.713377e-02
'unknown';37.150000;0;0;4.713377e-02
'unknown';37.160000;2.217790e+01;2.638410e-01;4.000999e-02
'unknown';37.170000;4.524625e+01;5.321001e-01;5.051919e-02
'unknown';37.180000;6.700027e+01;8.020015e-01;6.375580e-02
'unknown';37.190000;6.425114e+01;8.059364e-01;9.263583e-02
'unknown';37.200000;5.909049e+01;8.129252e-01;1.097027e-01
'unknown';37.210000;3.733646e+01;5.430239e-01;1.009755e-01
'unknown';37.220000;1.790770e+01;2.752480e-01;7.786927e-02
'unknown';37.230000;2.244558e+01;2.551446e-01;4.231139e-02
'unknown';37.240000;4.300519e+01;4.947132e-01;5.335983e-02
'unknown';37.250000;4.300519e+01;4.947132e-01;7.282127e-02
'unknown';37.260000;2.055961e+01;2.395685e-01;6.510284e-02
'unknown';37.270000;2.127907e+01;2.648981e-01;4.656701e-02
'unknown';37.280000;4.404982e+01;5.295789e-01;3.050948e-02
'unknown';37.290000;6.480288e+01;7.983089e-01;3.965500e-02
'unknown';37.300000;4.352382e+01;5.334108e-01;5.953174e-02
'unknown';37.310000;2.075306e+01;2.687301e-01;9.197503e-02
'unknown';37.320000;2.515323e+01;2.340488e-01;9.491714e-02
'unknown';37.330000;8.339496e+01;4.755901e-01;1.034756e-01
'unknown';37.340000;1.432139e+02;7.453530e-01;9.655651e-02
'unknown';37.350000;1.786194e+02;7.866351e-01;1.740149e-01
'unknown';37.360000;1.809698e+02;8.205457e-01;1.970099e-01
'unknown';37.370000;1.811435e+02;8.315025e-01;1.909680e-01
'unknown';37.380000;1.801587e+02;8.434451e-01;1.804777e-01
'unknown';37.390000;1.788856e+02;8.504680e-01;2.107009e-01
'unknown';37.400000;1.776615e+02;8.481121e-01;2.544428e-01
'unknown';37.410000;1.763977e+02;8.399246e-01;2.684025e-01
'unknown';37.420000;1.751690e+02;8.415696e-01;2.176048e-01
'unknown';37.430000;1.742562e+02;8.501332e-01;2.017967e-01
'unknown';37.440000;1.734585e+02;8.537576e-01;2.230292e-01
'unknown';37.450000;1.725503e+02;8.459734e-01;3.068779e-01
'unknown';37.460000;1.715305e+02;8.388706e-01;2.999753e-01
'unknown';37.470000;1.703807e+02;8.388709e-01;1.957611e-01
'unknown';37.480000;1.691698e+02;8.461251e-01;1.722148e-01
'unknown';37.490000;1.679218e+02;8.489001e-01;2.131808e-01
'unknown';37.500000;1.667433e+02;8.484581e-01;3.057912e-01
'unknown';37.510000;1.658260e+02;8.496871e-01;2.829746e-01
'unknown';37.520000;1.653850e+02;8.525283e-01;1.930556e-01
'unknown';37.530000;1.655976e+02;8.570558e-01;1.890651e-01
'unknown';37.540000;1.661145e+02;8.598593e-01;1.521256e-01
'unknown';37.550000;1.664737e+02;8.613768e-01;2.439047e-01
'unknown';37.560000;1.664951e+02;8.622072e-01;2.122762e-01
'unknown';37.570000;1.663240e+02;8.594368e-01;2.639544e-01
'unknown';37.580000;1.661466e+02;8.572810e-01;2.654687e-01
'unknown';37.590000;1.660298e+02;8.553300e-01;2.847792e-01
'unknown';37.600000;1.659158e+02;8.583142e-01;2.710117e-01
'unknown';37.610000;1.656579e+02;8.601199e-01;2.707963e-01
'unknown';37.620000;1.652959e+02;8.607872e-01;2.843858e-01
'unknown';37.630000;1.650312e+02;8.564830e-01;2.381571e-01
'unknown';37.640000;1.651076e+02;8.461545e-01;2.278824e-01
'unknown';37.650000;1.653973e+02;8.315120e-01;2.144089e-01
'unknown';37.660000;1.655365e+02;8.146844e-01;2.577004e-01
'unknown';37.670000;1.103894e+02;5.384045e-01;2.164867e-01
'unknown';37.680000;7.332329e+01;5.298575e-01;1.959608e-01
'unknown';37.690000;3.662996e+01;5.260494e-01;1.608057e-01
'unknown';37.700000;5.524561e+01;7.849989e-01;1.441842e-01
'unknown';37.710000;9.325922e+01;7.869107e-01;1.181970e-01
'unknown';37.720000;1.309096e+02;7.917137e-01;8.142257e-02
'unknown';37.730000;1.683256e+02;7.970583e-01;8.437618e-02
'unknown';37.740000;1.681049e+02;7.918054e-01;5.729347e-02
'unknown';37.750000;1.119874e+02;5.241068e-01;7.977056e-02
'unknown';37.760000;5.595580e+01;2.598127e-01;6.767877e-02
'unknown';37.770000;0;0;6.203483e-02
'unknown';37.780000;0;0;9.696732e-02
'unknown';37.790000;0;0;1.515261e-01
'unknown';37.800000;0;0;1.933221e-01
'unknown';37.810000;0;0;1.781096e-01
'unknown';37.820000;0;0;1.522402e-01
'unknown';37.830000;0;0;1.301779e-01
'unknown';37.840000;2.528342e+01;2.539387e-01;9.720323e-02
'unknown';37.850000;5.155415e+01;5.139154e-01;8.463728e-02
'unknown';37.860000;7.836262e+01;7.726386e-01;9.647801e-02
'unknown';37.870000;5.307920e+01;5.186999e-01;1.034344e-01
'unknown';37.880000;2.680847e+01;2.587233e-01;8.285151e-02
'unknown';37.890000;0;0;5.575860e-02
'unknown';37.900000;0;0;6.298509e-02
'unknown';37.910000;0;0;6.465778e-02
'unknown';37.920000;0;0;5.412132e-02
'unknown';37.930000;2.270605e+01;2.578960e-01;3.278529e-02
'unknown';37.940000;4.517662e+01;5.215039e-01;1.725058e-02
'unknown';37.950000;6.448493e+01;7.878332e-01;2.738500e-02
'unknown';37.960000;5.985324e+01;8.001034e-01;3.586790e-02
'unknown';37.970000;3.738266e+01;5.364956e-01;6.583814e-02
'unknown';37.980000;1.807435e+01;5.436752e-01;7.794102e-02
'unknown';37.990000;0;2.735091e-01;9.905872e-02
'unknown';38.000000;0;2.735091e-01;9.883577e-02
'unknown';38.010000;0;0;1.021432e-01
'unknown';38.020000;0;0;8.610221e-02
'unknown';38.030000;0;0;7.377525e-02
'unknown';38.040000;0;0;6.472293e-02
'unknown';38.050000;1.976297e+01;2.672426e-01;7.583108e-02
'unknown';38.060000;4.272487e+01;5.332792e-01;9.506319e-02
'unknown';38.070000;6.594678e+01;7.986908e-01;1.186708e-01
'unknown';38.080000;4.618381e+01;5.314482e-01;1.201551e-01
'unknown';38.090000;4.304245e+01;5.371724e-01;1.145732e-01
'unknown';38.100000;3.850660e+01;5.445135e-01;1.189051e-01
'unknown';38.110000;5.741488e+01;8.133877e-01;1.021937e-01
'unknown';38.120000;5.995223e+01;8.042005e-01;8.463763e-02
'unknown';38.130000;6.360356e+01;7.993230e-01;5.997605e-02
'unknown';38.140000;6.254061e+01;7.953412e-01;7.164112e-02
'unknown';38.150000;4.018272e+01;5.327677e-01;7.928801e-02
'unknown';38.160000;1.784534e+01;2.648924e-01;6.045392e-02
'unknown';38.170000;0;0;4.028526e-02
'unknown';38.180000;2.251516e+01;2.551481e-01;3.832219e-02
'unknown';38.190000;4.540489e+01;5.122907e-01;5.600214e-02
'unknown';38.200000;6.919339e+01;7.740430e-01;6.834662e-02
'unknown';38.210000;4.667823e+01;5.188949e-01;7.294548e-02
'unknown';38.220000;2.378850e+01;5.261088e-01;6.089093e-02
'unknown';38.230000;0;2.643564e-01;7.227720e-02
'unknown';38.240000;0;2.643564e-01;6.738862e-02
'unknown';38.250000;0;0;6.399932e-02
'unknown';38.260000;0;0;5.530463e-02
'unknown';38.270000;0;2.599386e-01;4.192562e-02
'unknown';38.280000;0;2.599386e-01;4.531492e-02
'unknown';38.290000;0;2.599386e-01;2.981705e-02
'unknown';38.300000;0;0;3.780197e-02
'unknown';38.310000;0;0;3.373167e-02
'unknown';38.320000;1.903905e+01;2.665725e-01;5.150409e-02
'unknown';38.330000;4.056844e+01;5.303437e-01;7.035037e-02
'unknown';38.340000;6.376571e+01;7.957136e-01;1.041161e-01
'unknown';38.350000;4.472665e+01;5.291411e-01;1.096690e-01
'unknown';38.360000;4.302493e+01;5.339200e-01;9.791971e-02
'unknown';38.370000;3.999270e+01;5.397405e-01;9.273306e-02
'unknown';38.380000;6.034938e+01;8.134698e-01;1.054323e-01
'unknown';38.390000;6.095741e+01;8.171971e-01;1.336682e-01
'unknown';38.400000;4.079237e+01;5.460069e-01;1.305237e-01
'unknown';38.410000;4.149495e+01;5.416064e-01;1.011771e-01
'unknown';38.420000;4.367511e+01;5.383402e-01;1.010119e-01
'unknown';38.430000;6.526926e+01;8.057048e-01;1.370223e-01
'unknown';38.440000;6.406068e+01;8.070558e-01;1.651176e-01
'unknown';38.450000;6.262724e+01;8.108625e-01;1.498480e-01
'unknown';38.460000;6.235620e+01;8.171225e-01;1.355796e-01
'unknown';38.470000;6.292823e+01;8.160436e-01;1.431105e-01
'unknown';38.480000;4.174582e+01;5.432255e-01;1.291834e-01
'unknown';38.490000;4.194017e+01;5.317059e-01;1.147727e-01
'unknown';38.500000;4.375110e+01;5.304033e-01;1.234361e-01
'unknown';38.510000;6.483942e+01;7.970719e-01;1.532913e-01
'unknown';38.520000;4.332198e+01;5.349671e-01;1.146344e-01
'unknown';38.530000;4.196953e+01;5.272775e-01;8.406594e-02
'unknown';38.540000;4.160054e+01;5.180513e-01;6.601296e-02
'unknown';38.550000;6.261866e+01;7.810467e-01;8.590498e-02
'unknown';38.560000;6.269190e+01;7.817361e-01;7.042073e-02
'unknown';38.570000;4.197256e+01;5.242937e-01;5.299498e-02
'unknown';38.580000;8.435015e+01;5.213352e-01;6.991518e-02
'unknown';38.590000;1.255568e+02;5.250543e-01;7.917657e-02
'unknown';38.600000;1.868193e+02;7.887239e-01;9.370240e-02
'unknown';38.610000;1.234235e+02;5.286870e-01;8.090118e-02
'unknown';38.620000;6.126244e+01;2.636696e-01;8.196215e-02
'unknown';38.630000;0;0;7.390761e-02
'unknown';38.640000;0;0;7.760011e-02
'unknown';38.650000;2.062283e+01;2.627819e-01;9.530780e-02
'unknown';38.660000;8.239649e+01;5.291271e-01;1.026679e-01
'unknown';38.670000;1.448465e+02;8.065364e-01;1.078873e-01
'unknown';38.680000;1.881978e+02;8.228033e-01;9.998822e-02
'unknown';38.690000;1.920287e+02;8.352624e-01;1.033653e-01
'unknown';38.700000;1.961727e+02;8.295090e-01;1.135681e-01
'unknown';38.710000;1.989535e+02;8.048334e-01;1.245470e-01
'unknown';38.720000;1.333489e+02;5.260291e-01;1.411602e-01
'unknown';38.730000;6.675491e+01;5.198810e-01;1.337948e-01
'unknown';38.740000;0;2.655077e-01;1.496177e-01
'unknown';38.750000;0;2.655077e-01;1.410951e-01
'unknown';38.760000;0;0;1.180397e-01
'unknown';38.770000;0;2.593701e-01;5.750851e-02
'unknown';38.780000;0;2.593701e-01;6.064765e-02
'unknown';38.790000;0;2.593701e-01;5.134232e-02
'unknown';38.800000;2.240518e+01;2.593025e-01;5.630830e-02
'unknown';38.810000;4.483640e+01;5.146614e-01;2.821303e-02
'unknown';38.820000;6.718493e+01;7.709888e-01;6.737414e-02
'unknown';38.830000;6.708521e+01;7.743678e-01;1.011943e-01
'unknown';38.840000;4.465399e+01;5.190089e-01;1.285641e-01
'unknown';38.850000;2.230546e+01;2.626815e-01;1.296892e-01
'unknown';38.860000;0;0;1.185722e-01
'unknown';38.870000;6.704603e+01;2.591631e-01;9.317400e-02
'unknown';38.880000;1.334901e+02;5.302756e-01;9.109601e-02
'unknown';38.890000;1.995855e+02;8.044483e-01;1.694561e-01
'unknown';38.900000;1.542074e+02;8.012950e-01;2.411010e-01
'unknown';38.910000;8.776327e+01;5.301823e-01;3.106828e-01
'unknown';38.920000;2.166793e+01;2.560097e-01;2.937456e-01
'unknown';38.930000;0;0;2.551007e-01
'unknown';38.940000;0;0;1.997080e-01
'unknown';38.950000;2.109798e+01;2.596779e-01;1.537112e-01
'unknown';38.960000;4.217830e+01;5.262936e-01;1.089452e-01
'unknown';38.970000;6.308682e+01;7.935120e-01;9.513897e-02
'unknown';38.980000;6.138937e+01;7.953715e-01;9.953234e-02
'unknown';38.990000;5.947716e+01;7.917573e-01;1.409403e-01
'unknown';39.000000;5.995338e+01;7.895761e-01;1.103381e-01
'unknown';39.010000;6.256807e+01;7.889664e-01;8.516752e-02
'unknown';39.020000;4.339996e+01;5.259650e-01;6.185053e-02
'unknown';39.030000;2.201523e+01;5.177475e-01;9.652179e-02
'unknown';39.040000;0;2.568198e-01;1.187347e-01
'unknown';39.050000;1.942963e+01;5.127780e-01;1.563347e-01
'unknown';39.060000;4.780002e+01;5.101299e-01;1.475024e-01
'unknown';39.070000;4.780002e+01;5.101299e-01;1.111800e-01
'unknown';39.080000;2.837039e+01;2.541717e-01;8.015069e-02
'unknown';39.090000;0;0;1.209841e-01
'unknown';39.100000;0;0;2.098247e-01
'unknown';39.110000;0;0;2.399808e-01
'unknown';39.120000;0;0;2.033354e-01
'unknown';39.130000;0;0;1.346676e-01
'unknown';39.140000;0;2.630394e-01;1.009840e-01
'unknown';39.150000;0;2.630394e-01;1.098098e-01
'unknown';39.160000;1.987276e+01;5.268555e-01;1.311018e-01
'unknown';39.170000;3.889456e+01;5.285537e-01;1.148624e-01
'unknown';39.180000;5.821732e+01;7.905007e-01;1.332033e-01
'unknown';39.190000;5.754630e+01;7.831743e-01;1.460833e-01
'unknown';39.200000;5.740818e+01;7.729371e-01;1.714271e-01
'unknown';39.210000;9.425680e+01;7.765622e-01;1.295284e-01
'unknown';39.220000;1.309352e+02;7.945110e-01;1.179629e-01
'unknown';39.230000;1.676036e+02;8.184881e-01;1.551638e-01
'unknown';39.240000;1.665098e+02;8.320639e-01;1.776984e-01
'unknown';39.250000;1.648033e+02;8.386133e-01;1.519186e-01
'unknown';39.260000;1.626898e+02;8.392188e-01;1.234429e-01
'unknown';39.270000;1.605610e+02;8.457613e-01;1.408617e-01
'unknown';39.280000;1.591768e+02;8.492270e-01;1.320186e-01
'unknown';39.290000;1.586273e+02;8.545668e-01;1.342911e-01
'unknown';39.300000;1.586792e+02;8.534015e-01;1.474692e-01
'unknown';39.310000;1.588749e+02;8.550555e-01;2.511534e-01
'unknown';39.320000;1.587128e+02;8.572831e-01;2.829132e-01
'unknown';39.330000;1.582366e+02;8.591378e-01;2.830375e-01
'unknown';39.340000;1.575844e+02;8.593367e-01;2.670774e-01
'unknown';39.350000;1.570407e+02;8.575047e-01;2.541630e-01
'unknown';39.360000;1.567776e+02;8.515936e-01;2.921585e-01
'unknown';39.370000;1.567015e+02;8.424590e-01;2.679822e-01
'unknown';39.380000;1.560861e+02;8.270764e-01;3.239668e-01
'unknown';39.390000;1.551334e+02;8.178673e-01;2.698224e-01
'unknown';39.400000;1.554258e+02;8.084416e-01;2.544439e-01
'unknown';39.410000;1.608675e+02;7.843496e-01;1.436915e-01
'unknown';39.420000;1.307716e+02;7.600977e-01;1.237724e-01
'unknown';39.430000;1.004366e+02;7.458281e-01;1.115191e-01
'unknown';39.440000;6.593882e+01;7.630258e-01;1.698282e-01
'unknown';39.450000;4.472620e+01;5.160181e-01;1.981903e-01
'unknown';39.460000;4.550854e+01;5.261590e-01;1.559431e-01
'unknown';39.470000;4.583353e+01;5.291664e-01;1.678799e-01
'unknown';39.480000;4.583353e+01;5.291664e-01;1.040285e-01
'unknown';39.490000;2.283681e+01;5.287350e-01;1.378116e-01
'unknown';39.500000;0;2.631862e-01;9.643247e-02
'unknown';39.510000;2.292921e+01;5.258189e-01;1.082548e-01
'unknown';39.520000;4.539898e+01;5.214175e-01;9.511804e-02
'unknown';39.530000;6.700938e+01;7.869508e-01;8.514402e-02
'unknown';39.540000;6.498689e+01;7.934480e-01;8.724769e-02
'unknown';39.550000;6.465311e+01;8.011433e-01;9.378294e-02
'unknown';39.560000;6.458804e+01;8.048875e-01;1.131838e-01
'unknown';39.570000;6.531528e+01;8.056434e-01;1.549546e-01
'unknown';39.580000;6.558341e+01;8.082719e-01;1.400574e-01
'unknown';39.590000;6.496444e+01;8.095598e-01;1.343397e-01
'unknown';39.600000;6.389583e+01;8.099804e-01;1.287007e-01
'unknown';39.610000;6.211862e+01;8.111381e-01;1.468893e-01
'unknown';39.620000;6.222556e+01;8.124973e-01;1.296418e-01
'unknown';39.630000;6.307825e+01;8.136120e-01;1.376985e-01
'unknown';39.640000;6.454484e+01;8.140433e-01;1.718680e-01
'unknown';39.650000;6.543250e+01;8.117809e-01;1.946662e-01
'unknown';39.660000;6.538176e+01;8.084653e-01;1.386210e-01
'unknown';39.670000;4.328828e+01;5.377676e-01;1.124496e-01
'unknown';39.680000;4.282565e+01;5.400469e-01;1.165208e-01
'unknown';39.690000;4.244566e+01;5.431336e-01;1.259614e-01
'unknown';39.700000;6.274814e+01;8.139765e-01;1.292551e-01
'unknown';39.710000;6.057516e+01;8.124157e-01;1.381562e-01
'unknown';39.720000;6.010825e+01;8.115222e-01;1.655688e-01
'unknown';39.730000;6.053793e+01;8.123328e-01;1.368982e-01
'unknown';39.740000;6.176054e+01;8.126478e-01;8.661149e-02
'unknown';39.750000;6.158436e+01;8.111364e-01;7.155163e-02
'unknown';39.760000;6.094275e+01;8.096407e-01;8.340827e-02
'unknown';39.770000;4.043476e+01;5.389451e-01;1.037242e-01
'unknown';39.780000;2.009055e+01;2.701578e-01;8.418426e-02
'unknown';39.790000;0;0;7.828247e-02
'unknown';39.800000;1.900056e+01;2.660230e-01;8.268744e-02
'unknown';39.810000;3.783118e+01;5.331044e-01;8.470040e-02
'unknown';39.820000;5.884335e+01;8.009813e-01;9.743130e-02
'unknown';39.830000;6.237385e+01;8.018589e-01;1.212560e-01
'unknown';39.840000;6.684447e+01;8.007660e-01;1.669466e-01
'unknown';39.850000;6.806279e+01;8.021340e-01;1.667615e-01
'unknown';39.860000;4.553172e+01;5.352336e-01;1.433388e-01
'unknown';39.870000;2.223048e+01;2.692449e-01;1.355065e-01
'unknown';39.880000;2.077768e+01;2.690712e-01;1.153680e-01
'unknown';39.890000;4.206610e+01;5.421124e-01;1.338255e-01
'unknown';39.900000;6.283818e+01;8.114257e-01;1.557199e-01
'unknown';39.910000;6.243828e+01;8.104360e-01;1.882563e-01
'unknown';39.920000;6.299426e+01;8.059239e-01;1.391221e-01
'unknown';39.930000;6.419738e+01;8.042655e-01;1.143829e-01
'unknown';39.940000;4.381959e+01;5.361840e-01;1.194163e-01
'unknown';39.950000;2.197519e+01;2.676549e-01;1.576301e-01
'unknown';39.960000;2.140730e+01;2.748877e-01;1.467569e-01
'unknown';39.970000;4.309830e+01;5.480298e-01;1.556748e-01
'unknown';39.980000;6.485435e+01;8.205749e-01;1.738751e-01
'unknown';39.990000;6.490017e+01;8.183734e-01;1.567379e-01
'unknown';40.000000;6.395275e+01;8.159873e-01;1.273521e-01
'unknown';40.010000;4.219669e+01;5.434422e-01;1.234125e-01
'unknown';40.020000;4.067253e+01;5.403045e-01;1.514230e-01
'unknown';40.030000;3.856361e+01;5.354402e-01;1.267923e-01
'unknown';40.040000;5.945379e+01;7.878568e-01;9.908251e-02
'unknown';40.050000;3.952485e+01;5.183085e-01;6.626508e-02
'unknown';40.060000;2.089018e+01;5.055022e-01;8.298381e-02
'unknown';40.070000;0;2.530856e-01;7.300694e-02
'unknown';40.080000;2.305037e+01;5.162959e-01;7.470074e-02
'unknown';40.090000;4.665140e+01;5.307620e-01;5.610837e-02
'unknown';40.100000;6.956107e+01;7.970756e-01;7.338306e-02
'unknown';40.110000;6.787785e+01;8.055058e-01;1.026068e-01
'unknown';40.120000;6.569946e+01;8.043618e-01;9.720539e-02
'unknown';40.130000;6.437883e+01;7.971910e-01;8.545974e-02
'unknown';40.140000;4.301168e+01;5.255504e-01;6.657248e-02
'unknown';40.150000;2.158904e+01;2.591428e-01;8.193037e-02
'unknown';40.160000;0;2.666166e-01;5.756726e-02
'unknown';40.170000;0;2.666166e-01;6.265577e-02
'unknown';40.180000;0;2.666166e-01;8.654949e-02
'unknown';40.190000;0;0;1.177610e-01
'unknown';40.200000;2.291161e+01;2.623444e-01;9.153838e-02
'unknown';40.210000;4.411163e+01;5.294834e-01;6.096223e-02
'unknown';40.220000;6.493758e+01;7.945315e-01;4.161895e-02
'unknown';40.230000;4.202597e+01;5.321870e-01;5.037038e-02
'unknown';40.240000;2.082595e+01;2.650481e-01;6.679865e-02
'unknown';40.250000;0;0;8.145369e-02
'unknown';40.260000;2.100102e+01;2.598155e-01;8.036498e-02
'unknown';40.270000;4.067909e+01;5.224637e-01;5.290416e-02
'unknown';40.280000;4.067909e+01;5.224637e-01;3.297156e-02
'unknown';40.290000;1.967807e+01;2.626483e-01;4.812287e-02
'unknown';40.300000;2.328081e+01;2.641994e-01;7.469771e-02
'unknown';40.310000;4.643091e+01;5.253432e-01;8.805811e-02
'unknown';40.320000;6.812115e+01;7.948686e-01;6.524408e-02
'unknown';40.330000;6.480148e+01;8.022947e-01;6.365430e-02
'unknown';40.340000;6.204330e+01;8.124745e-01;7.470102e-02
'unknown';40.350000;6.147166e+01;8.160508e-01;9.357437e-02
'unknown';40.360000;6.264778e+01;8.188476e-01;1.060738e-01
'unknown';40.370000;6.270599e+01;8.161830e-01;1.263789e-01
'unknown';40.380000;4.158740e+01;5.430815e-01;1.352428e-01
'unknown';40.390000;4.420131e+01;5.301901e-01;9.775830e-02
'unknown';40.400000;4.897138e+01;5.232816e-01;9.370363e-02
'unknown';40.410000;4.897138e+01;5.232816e-01;1.126800e-01
'unknown';40.420000;2.522021e+01;2.617507e-01;1.150371e-01
'unknown';40.430000;0;0;1.121543e-01
'unknown';40.440000;0;0;8.379412e-02
'unknown';40.450000;0;0;8.880106e-02
'unknown';40.460000;0;0;4.525258e-02
'unknown';40.470000;2.398948e+01;2.635787e-01;3.866513e-02
'unknown';40.480000;4.942703e+01;5.259640e-01;5.787593e-02
'unknown';40.490000;4.942703e+01;5.259640e-01;6.892729e-02
'unknown';40.500000;2.543755e+01;2.623853e-01;7.363804e-02
'unknown';40.510000;0;0;5.876868e-02
'unknown';40.520000;1.981708e+01;2.641068e-01;6.950545e-02
'unknown';40.530000;3.945674e+01;5.307881e-01;6.178008e-02
'unknown';40.540000;6.007666e+01;7.961457e-01;6.940378e-02
'unknown';40.550000;6.161821e+01;7.958169e-01;6.328274e-02
'unknown';40.560000;6.353957e+01;7.953419e-01;6.363513e-02
'unknown';40.570000;6.485930e+01;7.882255e-01;5.320687e-02
'unknown';40.580000;6.920702e+01;7.766001e-01;5.639797e-02
'unknown';40.590000;1.522052e+02;7.732393e-01;7.172875e-02
'unknown';40.600000;2.354598e+02;7.898386e-01;7.942583e-02
'unknown';40.610000;3.200839e+02;8.211372e-01;8.460306e-02
'unknown';40.620000;3.328789e+02;8.431618e-01;1.778973e-01
'unknown';40.630000;3.509329e+02;8.563228e-01;1.927759e-01
'unknown';40.640000;3.669271e+02;8.627667e-01;2.248904e-01
'unknown';40.650000;3.780410e+02;8.628500e-01;2.814293e-01
'unknown';40.660000;3.830924e+02;8.569958e-01;4.087947e-01
'unknown';40.670000;3.826126e+02;8.242882e-01;4.901099e-01
'unknown';40.680000;2.787071e+02;7.857781e-01;4.257751e-01
'unknown';40.690000;1.694529e+02;7.421351e-01;3.183403e-01
'unknown';40.700000;4.360797e+01;7.094662e-01;1.884273e-01
'unknown';40.710000;1.904522e+01;6.596330e-01;7.583711e-02
'unknown';40.720000;0;4.211285e-01;5.361805e-02
'unknown';40.730000;1.134716e+02;4.303569e-01;4.315602e-02
'unknown';40.740000;2.257579e+02;5.134521e-01;4.745783e-02
'unknown';40.750000;3.373658e+02;8.013529e-01;6.622138e-02
'unknown';40.760000;3.343193e+02;8.586245e-01;9.952594e-02
'unknown';40.770000;3.306646e+02;8.706259e-01;2.413834e-01
'unknown';40.780000;3.263410e+02;8.770388e-01;2.544738e-01
'unknown';40.790000;3.225663e+02;8.812627e-01;3.635621e-01
'unknown';40.800000;3.203439e+02;8.856853e-01;3.509462e-01
'unknown';40.810000;3.193242e+02;8.882291e-01;4.154698e-01
'unknown';40.820000;3.189411e+02;8.896041e-01;3.510217e-01
'unknown';40.830000;3.191642e+02;8.893608e-01;4.464391e-01
'unknown';40.840000;3.204504e+02;8.865845e-01;3.624819e-01
'unknown';40.850000;3.244434e+02;8.810101e-01;4.422143e-01
'unknown';40.860000;3.321188e+02;8.719599e-01;3.543207e-01
'unknown';40.870000;3.416124e+02;8.656957e-01;3.509319e-01
'unknown';40.880000;3.504759e+02;8.588862e-01;3.661095e-01
'unknown';40.890000;3.595475e+02;8.564031e-01;3.680944e-01
'unknown';40.900000;3.698744e+02;8.528460e-01;5.231143e-01
'unknown';40.910000;3.806924e+02;8.426659e-01;4.765667e-01
'unknown';40.920000;3.850782e+02;8.137052e-01;4.579951e-01
'unknown';40.930000;2.774341e+02;7.819307e-01;2.843471e-01
'unknown';40.940000;1.666435e+02;7.657097e-01;2.423878e-01
'unknown';40.950000;3.887848e+01;5.103174e-01;1.742054e-01
'unknown';40.960000;1.915114e+01;2.578320e-01;1.907912e-01
'unknown';40.970000;0;0;1.572680e-01
'unknown';40.980000;0;0;1.455486e-01
'unknown';40.990000;0;0;1.372692e-01
'unknown';41.000000;0;0;1.382429e-01
'unknown';41.010000;0;0;1.299269e-01
'unknown';41.020000;1.972880e+01;2.641996e-01;1.270139e-01
'unknown';41.030000;3.987789e+01;5.323713e-01;1.045296e-01
'unknown';41.040000;6.031249e+01;7.991069e-01;8.656672e-02
'unknown';41.050000;6.177351e+01;8.017587e-01;9.603863e-02
'unknown';41.060000;6.298872e+01;7.991465e-01;1.062811e-01
'unknown';41.070000;6.361879e+01;8.006036e-01;1.120167e-01
'unknown';41.080000;6.179071e+01;8.046563e-01;9.270877e-02
'unknown';41.090000;6.008810e+01;8.103877e-01;1.008110e-01
'unknown';41.100000;5.992561e+01;8.108146e-01;1.180405e-01
'unknown';41.110000;4.056386e+01;5.399105e-01;1.355783e-01
'unknown';41.120000;4.097445e+01;5.312966e-01;1.032811e-01
'unknown';41.130000;3.990685e+01;5.253798e-01;8.818904e-02
'unknown';41.140000;3.990685e+01;5.253798e-01;7.663369e-02
'unknown';41.150000;1.983457e+01;2.627028e-01;7.763696e-02
'unknown';41.160000;0;0;6.322539e-02
'unknown';41.170000;0;0;5.023975e-02
'unknown';41.180000;0;0;3.944212e-02
'unknown';41.190000;0;2.585618e-01;4.080559e-02
'unknown';41.200000;0;2.585618e-01;7.339238e-02
'unknown';41.210000;0;2.585618e-01;1.292281e-01
'unknown';41.220000;1.824248e+01;2.682914e-01;1.420436e-01
'unknown';41.230000;3.770646e+01;5.387980e-01;1.339978e-01
'unknown';41.240000;5.967249e+01;8.099158e-01;1.256736e-01
'unknown';41.250000;4.143000e+01;5.416245e-01;1.382664e-01
'unknown';41.260000;2.196603e+01;2.711178e-01;1.439820e-01
'unknown';41.270000;0;0;1.033781e-01
'unknown';41.280000;0;0;9.587582e-02
'unknown';41.290000;1.858474e+01;2.637717e-01;8.515334e-02
'unknown';41.300000;3.602166e+01;5.355738e-01;7.477138e-02
'unknown';41.310000;5.392888e+01;8.073147e-01;7.724478e-02
'unknown';41.320000;5.549292e+01;8.134446e-01;9.134749e-02
'unknown';41.330000;5.876045e+01;8.118996e-01;1.166836e-01
'unknown';41.340000;6.189136e+01;8.116620e-01;1.160754e-01
'unknown';41.350000;6.258138e+01;8.078914e-01;1.051545e-01
'unknown';41.360000;6.450414e+01;7.869005e-01;8.941856e-02
'unknown';41.370000;1.345827e+02;7.728925e-01;9.259242e-02
'unknown';41.380000;2.075780e+02;7.682028e-01;1.114279e-01
'unknown';41.390000;2.852168e+02;7.712234e-01;1.470526e-01
'unknown';41.400000;3.049655e+02;7.766638e-01;2.614858e-01
'unknown';41.410000;3.261851e+02;7.870774e-01;3.525966e-01
'unknown';41.420000;3.440842e+02;8.085529e-01;4.157146e-01
'unknown';41.430000;3.550872e+02;8.213668e-01;3.682294e-01
'unknown';41.440000;3.632782e+02;8.203738e-01;3.297293e-01
'unknown';41.450000;2.639915e+02;7.960183e-01;3.604274e-01
'unknown';41.460000;1.619850e+02;7.700715e-01;3.475151e-01
'unknown';41.470000;6.247318e+01;7.475426e-01;2.555492e-01
'unknown';41.480000;6.733245e+01;7.428833e-01;1.530072e-01
'unknown';41.490000;6.711144e+01;7.423074e-01;8.285163e-02
'unknown';41.500000;6.287214e+01;7.471382e-01;8.882271e-02
'unknown';41.510000;6.221898e+01;7.579355e-01;9.476168e-02
'unknown';41.520000;1.524026e+02;7.805671e-01;1.158978e-01
'unknown';41.530000;2.390471e+02;8.070585e-01;1.316696e-01
'unknown';41.540000;3.184297e+02;8.391056e-01;1.135949e-01
'unknown';41.550000;3.078468e+02;8.553212e-01;1.735851e-01
'unknown';41.560000;2.989502e+02;8.666553e-01;2.036478e-01
'unknown';41.570000;2.927981e+02;8.723379e-01;1.827590e-01
'unknown';41.580000;2.896183e+02;8.761575e-01;1.169746e-01
'unknown';41.590000;2.889686e+02;8.760107e-01;1.745283e-01
'unknown';41.600000;2.913532e+02;8.693689e-01;1.978111e-01
'unknown';41.610000;2.965856e+02;8.622558e-01;2.385420e-01
'unknown';41.620000;3.048209e+02;8.554110e-01;2.472306e-01
'unknown';41.630000;3.168873e+02;8.520417e-01;3.334963e-01
'unknown';41.640000;3.295327e+02;8.566719e-01;3.622088e-01
'unknown';41.650000;3.405754e+02;8.640543e-01;3.424762e-01
'unknown';41.660000;3.464490e+02;8.575533e-01;3.292772e-01
'unknown';41.670000;2.520607e+02;8.223929e-01;2.770600e-01
'unknown';41.680000;1.556022e+02;7.924004e-01;2.040118e-01
'unknown';41.690000;3.896276e+01;5.156379e-01;1.129761e-01
'unknown';41.700000;1.941141e+01;2.613876e-01;8.777698e-02
'unknown';41.710000;0;0;9.833606e-02
'unknown';41.720000;0;0;9.466685e-02
'unknown';41.730000;1.939334e+01;2.657757e-01;1.269912e-01
'unknown';41.740000;3.882537e+01;5.288919e-01;1.491116e-01
'unknown';41.750000;3.882537e+01;5.288919e-01;1.880116e-01
'unknown';41.760000;1.943204e+01;2.631163e-01;1.431074e-01
'unknown';41.770000;0;0;9.361743e-02
'unknown';41.780000;0;0;4.866235e-02
'unknown';41.790000;0;0;4.060840e-02
'unknown';41.800000;0;0;4.442589e-02
'unknown';41.810000;0;0;6.796724e-02
'unknown';41.820000;0;0;8.332590e-02
'unknown';41.830000;0;0;7.787055e-02
'unknown';41.840000;0;0;7.018667e-02
'unknown';41.850000;0;0;6.967349e-02
'unknown';41.860000;0;0;6.706372e-02
'unknown';41.870000;0;0;5.673578e-02
'unknown';41.880000;0;0;5.147569e-02
'unknown';41.890000;0;0;5.352258e-02
'unknown';41.900000;0;0;6.571659e-02
'unknown';41.910000;0;0;7.876324e-02
'unknown';41.920000;0;0;8.404557e-02
'unknown';41.930000;0;0;7.431086e-02
'unknown';41.940000;1.959582e+01;2.659670e-01;7.517449e-02
'unknown';41.950000;3.926120e+01;5.332025e-01;5.899874e-02
'unknown';41.960000;6.097892e+01;8.027475e-01;7.271308e-02
'unknown';41.970000;6.307162e+01;8.051209e-01;4.830595e-02
'unknown';41.980000;6.363046e+01;8.087891e-01;6.618000e-02
'unknown';41.990000;6.150960e+01;8.095245e-01;8.890884e-02
'unknown';42.000000;3.982108e+01;5.411841e-01;1.054331e-01
'unknown';42.010000;1.959686e+01;2.702804e-01;8.185450e-02
'unknown';42.020000;2.044037e+01;2.631466e-01;6.739274e-02
'unknown';42.030000;4.426271e+01;5.321398e-01;6.937266e-02
'unknown';42.040000;6.742535e+01;7.967577e-01;1.196957e-01
'unknown';42.050000;6.786209e+01;7.985426e-01;1.360574e-01
'unknown';42.060000;6.409817e+01;8.005381e-01;1.249041e-01
'unknown';42.070000;6.042594e+01;8.042596e-01;1.236478e-01
'unknown';42.080000;5.895282e+01;8.090951e-01;1.343248e-01
'unknown';42.090000;5.852342e+01;8.043730e-01;1.509510e-01
'unknown';42.100000;6.154647e+01;7.934511e-01;1.036943e-01
'unknown';42.110000;6.370701e+01;7.830860e-01;5.681984e-02
'unknown';42.120000;4.407800e+01;5.168194e-01;3.462105e-02
'unknown';42.130000;2.156453e+01;2.594018e-01;4.825481e-02
'unknown';42.140000;0;2.289682e-01;5.092497e-02
'unknown';42.150000;6.824674e+01;4.914082e-01;6.789210e-02
'unknown';42.160000;1.335621e+02;7.709038e-01;7.255976e-02
'unknown';42.170000;1.968336e+02;8.258431e-01;8.008847e-02
'unknown';42.180000;1.906040e+02;8.534735e-01;1.683513e-01
'unknown';42.190000;1.868286e+02;8.674598e-01;3.236021e-01
'unknown';42.200000;1.850099e+02;8.776329e-01;5.115898e-01
'unknown';42.210000;1.841960e+02;8.819895e-01;5.563760e-01
'unknown';42.220000;1.836291e+02;8.804391e-01;5.144247e-01
'unknown';42.230000;1.833206e+02;8.784607e-01;4.471726e-01
'unknown';42.240000;1.836345e+02;8.780114e-01;2.896042e-01
'unknown';42.250000;1.845270e+02;8.799335e-01;3.363962e-01
'unknown';42.260000;1.852468e+02;8.804173e-01;3.295887e-01
'unknown';42.270000;1.851484e+02;8.753948e-01;3.503371e-01
'unknown';42.280000;1.489360e+02;8.538315e-01;2.110428e-01
'unknown';42.290000;1.384098e+02;8.102105e-01;1.436026e-01
'unknown';42.300000;1.186751e+02;7.895296e-01;2.338050e-01
'unknown';42.310000;1.549100e+02;7.646418e-01;3.417408e-01
'unknown';42.320000;1.654600e+02;7.912537e-01;3.824103e-01
'unknown';42.330000;1.860363e+02;8.128083e-01;4.315677e-01
'unknown';42.340000;1.868649e+02;8.584085e-01;3.910882e-01
'unknown';42.350000;1.885011e+02;8.718888e-01;4.229849e-01
'unknown';42.360000;1.903831e+02;8.747794e-01;3.910139e-01
'unknown';42.370000;1.923146e+02;8.754767e-01;3.926642e-01
'unknown';42.380000;1.937897e+02;8.799528e-01;3.560037e-01
'unknown';42.390000;1.947143e+02;8.794875e-01;4.991815e-01
'unknown';42.400000;1.949433e+02;8.765574e-01;4.907646e-01
'unknown';42.410000;1.950438e+02;8.724889e-01;4.933159e-01
'unknown';42.420000;1.959469e+02;8.668962e-01;3.588739e-01
'unknown';42.430000;1.972702e+02;8.536151e-01;3.390495e-01
'unknown';42.440000;1.965764e+02;8.323740e-01;3.540625e-01
'unknown';42.450000;1.945564e+02;8.005231e-01;3.597471e-01
'unknown';42.460000;1.928741e+02;7.716725e-01;3.831879e-01
'unknown';42.470000;1.937905e+02;7.518651e-01;2.790735e-01
'unknown';42.480000;1.558215e+02;7.434755e-01;1.402922e-01
'unknown';42.490000;9.130320e+01;4.948370e-01;6.447770e-02
'unknown';42.500000;4.780211e+01;4.964914e-01;6.110562e-02
'unknown';42.510000;4.646045e+01;4.971489e-01;8.373358e-02
'unknown';42.520000;1.053437e+02;7.652255e-01;5.914966e-02
'unknown';42.530000;1.445954e+02;7.871518e-01;8.260226e-02
'unknown';42.540000;1.833817e+02;8.230355e-01;9.030404e-02
'unknown';42.550000;1.896078e+02;8.455055e-01;2.431023e-01
'unknown';42.560000;1.948231e+02;8.672552e-01;4.067452e-01
'unknown';42.570000;1.985178e+02;8.794958e-01;5.506389e-01
'unknown';42.580000;2.008418e+02;8.856335e-01;6.683719e-01
'unknown';42.590000;2.023028e+02;8.877360e-01;7.861281e-01
'unknown';42.600000;2.031608e+02;8.854926e-01;8.312740e-01
'unknown';42.610000;2.037172e+02;8.788611e-01;7.054877e-01
'unknown';42.620000;2.036439e+02;8.685362e-01;4.414826e-01
'unknown';42.630000;2.009045e+02;8.426966e-01;3.514496e-01
'unknown';42.640000;2.005040e+02;8.169036e-01;3.814554e-01
'unknown';42.650000;2.004280e+02;8.067367e-01;3.439808e-01
'unknown';42.660000;2.025339e+02;8.093607e-01;3.043608e-01
'unknown';42.670000;2.025009e+02;8.127334e-01;1.511445e-01
'unknown';42.680000;2.024848e+02;7.831938e-01;1.767248e-01
'unknown';42.690000;1.351403e+02;7.408528e-01;1.144733e-01
'unknown';42.700000;6.758382e+01;4.732204e-01;1.195990e-01
'unknown';42.710000;0;4.403670e-01;7.959536e-02
'unknown';42.720000;0;4.250042e-01;1.116459e-01
'unknown';42.730000;0;6.478451e-01;9.051130e-02
'unknown';42.740000;7.422267e+01;6.972573e-01;1.140575e-01
'unknown';42.750000;1.470349e+02;7.660320e-01;6.487013e-02
'unknown';42.760000;2.187918e+02;8.298399e-01;8.761286e-02
'unknown';42.770000;2.160497e+02;8.613103e-01;1.335146e-01
'unknown';42.780000;2.148006e+02;8.758950e-01;1.365657e-01
'unknown';42.790000;2.146724e+02;8.870266e-01;2.269021e-01
'unknown';42.800000;2.149262e+02;8.920962e-01;2.644851e-01
'unknown';42.810000;2.152987e+02;8.960552e-01;2.653470e-01
'unknown';42.820000;2.157500e+02;8.984362e-01;3.119209e-01
'unknown';42.830000;2.160568e+02;8.979782e-01;4.679173e-01
'unknown';42.840000;2.159115e+02;8.965495e-01;7.416348e-01
'unknown';42.850000;2.150968e+02;8.912654e-01;8.360112e-01
'unknown';42.860000;2.134471e+02;8.817865e-01;6.854778e-01
'unknown';42.870000;2.090327e+02;8.564615e-01;5.069082e-01
'unknown';42.880000;2.045131e+02;8.444698e-01;3.646056e-01
'unknown';42.890000;2.001961e+02;8.379433e-01;3.673691e-01
'unknown';42.900000;1.963605e+02;8.412482e-01;3.192717e-01
'unknown';42.910000;1.906895e+02;8.375052e-01;2.348723e-01
'unknown';42.920000;1.835843e+02;8.357792e-01;2.019916e-01
'unknown';42.930000;1.775277e+02;8.450782e-01;2.916910e-01
'unknown';42.940000;1.728372e+02;8.527542e-01;4.357731e-01
'unknown';42.950000;1.695325e+02;8.596221e-01;5.245171e-01
'unknown';42.960000;1.670710e+02;8.607534e-01;5.986499e-01
'unknown';42.970000;1.654737e+02;8.564869e-01;5.373314e-01
'unknown';42.980000;1.648867e+02;8.526723e-01;5.219150e-01
'unknown';42.990000;1.651902e+02;8.481694e-01;5.370140e-01
'unknown';43.000000;1.657472e+02;8.291346e-01;4.292662e-01
'unknown';43.010000;1.662953e+02;8.105411e-01;4.633915e-01
'unknown';43.020000;1.700515e+02;7.894781e-01;2.606573e-01
'unknown';43.030000;1.756219e+02;7.971351e-01;3.246492e-01
'unknown';43.040000;1.834704e+02;8.045303e-01;1.443844e-01
'unknown';43.050000;1.908442e+02;8.215249e-01;1.567124e-01
'unknown';43.060000;1.979424e+02;8.355632e-01;1.262038e-01
'unknown';43.070000;2.029747e+02;8.513124e-01;2.229745e-01
'unknown';43.080000;2.054603e+02;8.672544e-01;2.812987e-01
'unknown';43.090000;2.069168e+02;8.738268e-01;3.838153e-01
'unknown';43.100000;2.080267e+02;8.750947e-01;3.650193e-01
'unknown';43.110000;2.081363e+02;8.656874e-01;3.997482e-01
'unknown';43.120000;2.043925e+02;8.446988e-01;3.431367e-01
'unknown';43.130000;1.993216e+02;8.251128e-01;4.068160e-01
'unknown';43.140000;1.874812e+02;7.821103e-01;4.021492e-01
'unknown';43.150000;1.869854e+02;7.496767e-01;4.571587e-01
'unknown';43.160000;1.876693e+02;7.410195e-01;3.712782e-01
'unknown';43.170000;1.982493e+02;7.720199e-01;2.545342e-01
'unknown';43.180000;2.029366e+02;8.122110e-01;1.432505e-01
'unknown';43.190000;2.094652e+02;8.370159e-01;1.218056e-01
'unknown';43.200000;2.140967e+02;8.566416e-01;1.570676e-01
'unknown';43.210000;2.169247e+02;8.733609e-01;1.225066e-01
'unknown';43.220000;2.183495e+02;8.852822e-01;1.320532e-01
'unknown';43.230000;2.194288e+02;8.915870e-01;2.538126e-01
'unknown';43.240000;2.203588e+02;8.919885e-01;4.411906e-01
'unknown';43.250000;2.209432e+02;8.885232e-01;4.752902e-01
'unknown';43.260000;2.210577e+02;8.814182e-01;5.453838e-01
'unknown';43.270000;2.209926e+02;8.745173e-01;6.188745e-01
'unknown';43.280000;2.209634e+02;8.647369e-01;8.441792e-01
'unknown';43.290000;2.218881e+02;8.347788e-01;8.185363e-01
'unknown';43.300000;2.221414e+02;7.901147e-01;5.744182e-01
'unknown';43.310000;2.222663e+02;7.493514e-01;3.538737e-01
'unknown';43.320000;2.216899e+02;7.275292e-01;1.740952e-01
'unknown';43.330000;1.973120e+02;7.370512e-01;2.043782e-01
'unknown';43.340000;1.725513e+02;7.568216e-01;1.178523e-01
'unknown';43.350000;1.473384e+02;7.784117e-01;9.372517e-02
'unknown';43.360000;1.219793e+02;7.766109e-01;1.124362e-01
'unknown';43.370000;9.722074e+01;7.685437e-01;1.632561e-01
'unknown';43.380000;7.312088e+01;7.599449e-01;1.529061e-01
'unknown';43.390000;4.899492e+01;5.081138e-01;1.402078e-01
'unknown';43.400000;2.465117e+01;2.523374e-01;1.285329e-01
'unknown';43.410000;5.520395e+01;2.534313e-01;1.152643e-01
'unknown';43.420000;1.093863e+02;5.252006e-01;8.710554e-02
'unknown';43.430000;1.632291e+02;8.062761e-01;9.455019e-02
'unknown';43.440000;1.615750e+02;8.380883e-01;1.908978e-01
'unknown';43.450000;1.604736e+02;8.495952e-01;1.962485e-01
'unknown';43.460000;1.589535e+02;8.469445e-01;2.745687e-01
'unknown';43.470000;1.568975e+02;8.338668e-01;2.663524e-01
'unknown';43.480000;1.540340e+02;8.011820e-01;3.677729e-01
'unknown';43.490000;1.254542e+02;7.774597e-01;3.687305e-01
'unknown';43.500000;9.786243e+01;7.598042e-01;3.494236e-01
'unknown';43.510000;9.598808e+01;7.709516e-01;2.588284e-01
'unknown';43.520000;1.205232e+02;7.878836e-01;1.752649e-01
'unknown';43.530000;1.437002e+02;8.067779e-01;1.093136e-01
'unknown';43.540000;1.417985e+02;8.207018e-01;2.294245e-01
'unknown';43.550000;1.390127e+02;8.257420e-01;3.591317e-01
'unknown';43.560000;1.368859e+02;8.330120e-01;3.913810e-01
'unknown';43.570000;1.351219e+02;8.399780e-01;4.374100e-01
'unknown';43.580000;1.342175e+02;8.468027e-01;4.676175e-01
'unknown';43.590000;1.336737e+02;8.499110e-01;5.140414e-01
'unknown';43.600000;1.329957e+02;8.501838e-01;4.452474e-01
'unknown';43.610000;1.318188e+02;8.408406e-01;3.331048e-01
'unknown';43.620000;1.303964e+02;8.249581e-01;3.259131e-01
'unknown';43.630000;1.292630e+02;7.898218e-01;3.414065e-01
'unknown';43.640000;1.063128e+02;7.666603e-01;3.683189e-01
'unknown';43.650000;8.213354e+01;7.511762e-01;3.734808e-01
'unknown';43.660000;6.071988e+01;7.546071e-01;2.765637e-01
'unknown';43.670000;6.204886e+01;7.552370e-01;2.357096e-01
'unknown';43.680000;6.503167e+01;7.533045e-01;2.052509e-01
'unknown';43.690000;6.545853e+01;7.484859e-01;1.740465e-01
'unknown';43.700000;6.267471e+01;7.543367e-01;1.519244e-01
'unknown';43.710000;6.272998e+01;7.622869e-01;1.286815e-01
'unknown';43.720000;6.273348e+01;7.791753e-01;1.319019e-01
'unknown';43.730000;4.372768e+01;5.217000e-01;8.422447e-02
'unknown';43.740000;4.258827e+01;5.067452e-01;9.191828e-02
'unknown';43.750000;6.197226e+01;4.920435e-01;1.058537e-01
'unknown';43.760000;1.023158e+02;7.605174e-01;1.157888e-01
'unknown';43.770000;1.210921e+02;7.888286e-01;1.372982e-01
'unknown';43.780000;1.188029e+02;8.103201e-01;1.426627e-01
'unknown';43.790000;1.168369e+02;8.122842e-01;1.655377e-01
'unknown';43.800000;1.151908e+02;8.122651e-01;1.728209e-01
'unknown';43.810000;1.136799e+02;8.151010e-01;2.361711e-01
'unknown';43.820000;1.124660e+02;8.155122e-01;3.315704e-01
'unknown';43.830000;1.115335e+02;8.112710e-01;4.534672e-01
'unknown';43.840000;1.107831e+02;8.058312e-01;4.466836e-01
'unknown';43.850000;1.102608e+02;8.028482e-01;4.149751e-01
'unknown';43.860000;1.099664e+02;8.068492e-01;2.947479e-01
'unknown';43.870000;1.099806e+02;8.134275e-01;2.441104e-01
'unknown';43.880000;1.102826e+02;8.168666e-01;2.256061e-01
'unknown';43.890000;1.105654e+02;8.154213e-01;2.717482e-01
'unknown';43.900000;1.105894e+02;8.129066e-01;3.119803e-01
'unknown';43.910000;1.106845e+02;8.060750e-01;2.587126e-01
'unknown';43.920000;7.379282e+01;5.359892e-01;1.810762e-01
'unknown';43.930000;3.703826e+01;2.644737e-01;1.520949e-01
'unknown';43.940000;4.698730e+01;2.638648e-01;1.293612e-01
'unknown';43.950000;9.527383e+01;5.286340e-01;1.567718e-01
'unknown';43.960000;1.451057e+02;7.918755e-01;1.607807e-01
'unknown';43.970000;9.811841e+01;5.280107e-01;1.848366e-01
'unknown';43.980000;1.060126e+02;5.260307e-01;2.269456e-01
'unknown';43.990000;1.141173e+02;5.310335e-01;1.627686e-01
'unknown';44.000000;1.337495e+02;7.852858e-01;2.078018e-01
'unknown';44.010000;7.756882e+01;5.224966e-01;1.656927e-01
'unknown';44.020000;1.963216e+01;2.542523e-01;1.630203e-01
'unknown';44.030000;0;0;1.277418e-01
'unknown';44.040000;0;2.582389e-01;1.029771e-01
'unknown';44.050000;0;2.582389e-01;1.363971e-01
'unknown';44.060000;0;2.582389e-01;1.171423e-01
'unknown';44.070000;0;0;9.940522e-02
'unknown';44.080000;0;0;7.137518e-02
'unknown';44.090000;0;0;6.865536e-02
'unknown';44.100000;0;0;6.835780e-02
'unknown';44.110000;0;0;6.835780e-02
'unknown';44.120000;0;0;5.382646e-02
'unknown';44.130000;0;0;4.824436e-02
'unknown';44.140000;1.828872e+01;2.657917e-01;4.552683e-02
'unknown';44.150000;4.115704e+01;5.268342e-01;4.978510e-02
'unknown';44.160000;6.319670e+01;7.930400e-01;5.850466e-02
'unknown';44.170000;6.493433e+01;7.944406e-01;6.122219e-02
'unknown';44.180000;6.169548e+01;8.010184e-01;8.334019e-02
'unknown';44.190000;5.939339e+01;8.007789e-01;1.011505e-01
'unknown';44.200000;6.006378e+01;8.015568e-01;1.219126e-01
'unknown';44.210000;6.238816e+01;8.013895e-01;9.553635e-02
'unknown';44.220000;6.446270e+01;8.059115e-01;7.772601e-02
'unknown';44.230000;6.500837e+01;8.048156e-01;7.793478e-02
'unknown';44.240000;6.385402e+01;8.053603e-01;8.647589e-02
'unknown';44.250000;6.477299e+01;8.032298e-01;8.592599e-02
'unknown';44.260000;4.353058e+01;5.363557e-01;8.380112e-02
'unknown';44.270000;4.102374e+01;5.428739e-01;8.406913e-02
'unknown';44.280000;3.585205e+01;5.477118e-01;7.318194e-02
'unknown';44.290000;5.378370e+01;8.110037e-01;6.543553e-02
'unknown';44.300000;5.722128e+01;7.972744e-01;5.732639e-02
'unknown';44.310000;6.108138e+01;7.782717e-01;6.313685e-02
'unknown';44.320000;4.314972e+01;5.149798e-01;5.275755e-02
'unknown';44.330000;2.141948e+01;2.541932e-01;5.275755e-02
'unknown';44.340000;0;0;3.815917e-02
'unknown';44.350000;0;0;4.331854e-02
'unknown';44.360000;0;0;6.430905e-02
'unknown';44.370000;0;0;1.030988e-01
'unknown';44.380000;0;2.743625e-01;9.321586e-02
'unknown';44.390000;0;2.743625e-01;7.516820e-02
'unknown';44.400000;0;2.743625e-01;5.549509e-02
'unknown';44.410000;0;0;6.625489e-02
'unknown';44.420000;0;0;4.945002e-02
'unknown';44.430000;0;0;5.028446e-02
'unknown';44.440000;0;0;6.429005e-02
'unknown';44.450000;0;2.573813e-01;1.064097e-01
'unknown';44.460000;0;2.573813e-01;1.368067e-01
'unknown';44.470000;0;2.573813e-01;1.466209e-01
'unknown';44.480000;0;2.627479e-01;1.105563e-01
'unknown';44.490000;0;2.627479e-01;8.382689e-02
'unknown';44.500000;0;2.627479e-01;7.055610e-02
'unknown';44.510000;0;0;8.130594e-02
'unknown';44.520000;1.952260e+01;2.685221e-01;7.061294e-02
'unknown';44.530000;3.878257e+01;5.380468e-01;7.551473e-02
'unknown';44.540000;3.878257e+01;5.380468e-01;1.067278e-01
'unknown';44.550000;1.925997e+01;2.695247e-01;1.335227e-01
'unknown';44.560000;0;0;1.331136e-01
'unknown';44.570000;0;0;1.034170e-01
'unknown';44.580000;0;0;7.730368e-02
'unknown';44.590000;2.194196e+01;2.645883e-01;5.011556e-02
'unknown';44.600000;4.378034e+01;5.373724e-01;4.732884e-02
'unknown';44.610000;6.394791e+01;8.089131e-01;4.629974e-02
'unknown';44.620000;6.185365e+01;8.122010e-01;7.821960e-02
'unknown';44.630000;4.001527e+01;5.394168e-01;9.397265e-02
'unknown';44.640000;4.455266e+01;5.234885e-01;9.994373e-02
'unknown';44.650000;4.698298e+01;5.159180e-01;6.941054e-02
'unknown';44.660000;4.698298e+01;5.159180e-01;5.492764e-02
'unknown';44.670000;4.392836e+01;5.194467e-01;3.428541e-02
'unknown';44.680000;4.697601e+01;5.222678e-01;3.472394e-02
'unknown';44.690000;4.697601e+01;5.222678e-01;4.653615e-02
'unknown';44.700000;2.532568e+01;5.208861e-01;7.444390e-02
'unknown';44.710000;0;2.577594e-01;7.872894e-02
'unknown';44.720000;0;5.167721e-01;7.127321e-02
'unknown';44.730000;0;2.590127e-01;4.950469e-02
'unknown';44.740000;0;2.590127e-01;4.647706e-02
'unknown';44.750000;0;0;2.415902e-02
'unknown';44.760000;0;0;4.980974e-02
'unknown';44.770000;2.298138e+01;2.647009e-01;4.142855e-02
'unknown';44.780000;4.558461e+01;5.295426e-01;5.644727e-02
'unknown';44.790000;6.730761e+01;7.945523e-01;4.134872e-02
'unknown';44.800000;4.432622e+01;5.298513e-01;6.020692e-02
'unknown';44.810000;2.172299e+01;2.650096e-01;5.950695e-02
'unknown';44.820000;0;0;6.877685e-02
'unknown';44.830000;2.111554e+01;2.697130e-01;7.196256e-02
'unknown';44.840000;4.174909e+01;5.395448e-01;6.893492e-02
'unknown';44.850000;6.189020e+01;8.096352e-01;7.205633e-02
'unknown';44.860000;6.057022e+01;8.094867e-01;7.231051e-02
'unknown';44.870000;3.993666e+01;5.396550e-01;6.101939e-02
'unknown';44.880000;1.979555e+01;2.695646e-01;6.216568e-02
'unknown';44.890000;0;0;7.089830e-02
'unknown';44.900000;0;0;1.020252e-01
'unknown';44.910000;0;0;8.388387e-02
'unknown';44.920000;0;0;5.662948e-02
'unknown';44.930000;0;0;2.759556e-02
'unknown';44.940000;1.957616e+01;2.741731e-01;3.968951e-02
'unknown';44.950000;3.926951e+01;5.450224e-01;7.369830e-02
'unknown';44.960000;3.926951e+01;5.450224e-01;9.806142e-02
'unknown';44.970000;1.969335e+01;2.708493e-01;9.152895e-02
'unknown';44.980000;0;0;6.653418e-02
'unknown';44.990000;0;0;5.403932e-02
'unknown';45.000000;0;0;4.410864e-02
'unknown';45.010000;0;0;2.840839e-02
'unknown';45.020000;0;0;2.404228e-02
'unknown';45.030000;0;0;5.253583e-02
'unknown';45.040000;0;0;1.056147e-01
'unknown';45.050000;6.791838e+01;2.664984e-01;1.468442e-01
'unknown';45.060000;1.346852e+02;5.308711e-01;1.587998e-01
'unknown';45.070000;1.346852e+02;5.308711e-01;1.134393e-01
'unknown';45.080000;6.676678e+01;2.643727e-01;8.057620e-02
'unknown';45.090000;0;0;7.586562e-02
'unknown';45.100000;6.434617e+01;2.667050e-01;1.033381e-01
'unknown';45.110000;1.292860e+02;5.434352e-01;1.472126e-01
'unknown';45.120000;2.600916e+02;8.209755e-01;1.451985e-01
'unknown';45.130000;3.264297e+02;8.274242e-01;1.246787e-01
'unknown';45.140000;3.245285e+02;8.189748e-01;1.589208e-01
'unknown';45.150000;2.566538e+02;8.174660e-01;2.387398e-01
'unknown';45.160000;1.886497e+02;8.185547e-01;2.931246e-01
'unknown';45.170000;1.854642e+02;8.222449e-01;2.764702e-01
'unknown';45.180000;1.814581e+02;8.284025e-01;2.066836e-01
'unknown';45.190000;1.773430e+02;8.407648e-01;2.570204e-01
'unknown';45.200000;1.755948e+02;8.540056e-01;2.387100e-01
'unknown';45.210000;1.745892e+02;8.583643e-01;2.815708e-01
'unknown';45.220000;1.739445e+02;8.573263e-01;1.937479e-01
'unknown';45.230000;1.738548e+02;8.583736e-01;2.224070e-01
'unknown';45.240000;1.739960e+02;8.619749e-01;1.964545e-01
'unknown';45.250000;1.739680e+02;8.683375e-01;2.853076e-01
'unknown';45.260000;1.735609e+02;8.714491e-01;2.253089e-01
'unknown';45.270000;1.727970e+02;8.710535e-01;1.836270e-01
'unknown';45.280000;1.717798e+02;8.681745e-01;1.380074e-01
'unknown';45.290000;1.705529e+02;8.637238e-01;1.324152e-01
'unknown';45.300000;1.695098e+02;8.588142e-01;1.448863e-01
'unknown';45.310000;1.690538e+02;8.541868e-01;1.223638e-01
'unknown';45.320000;1.694501e+02;8.511937e-01;1.624359e-01
'unknown';45.330000;1.704447e+02;8.388912e-01;1.616605e-01
'unknown';45.340000;1.712579e+02;8.152733e-01;1.613392e-01
'unknown';45.350000;1.144804e+02;5.333462e-01;1.535882e-01
'unknown';45.360000;5.723226e+01;2.608051e-01;1.396317e-01
'unknown';45.370000;0;0;1.201166e-01
'unknown';45.380000;1.915921e+01;2.694152e-01;9.496271e-02
'unknown';45.390000;3.848746e+01;5.380756e-01;1.357544e-01
'unknown';45.400000;5.774429e+01;8.028359e-01;1.567058e-01
'unknown';45.410000;3.858508e+01;5.334207e-01;1.555859e-01
'unknown';45.420000;1.925683e+01;2.647603e-01;8.811072e-02
'unknown';45.430000;0;0;3.968076e-02
'unknown';45.440000;1.900368e+01;2.679794e-01;1.948546e-02
'unknown';45.450000;3.845529e+01;5.359210e-01;4.377247e-02
'unknown';45.460000;5.782736e+01;8.010630e-01;7.481572e-02
'unknown';45.470000;5.751042e+01;7.972874e-01;1.062249e-01
'unknown';45.480000;3.805880e+01;5.293457e-01;1.367819e-01
'unknown';45.490000;1.868673e+01;2.642038e-01;1.477479e-01
'unknown';45.500000;0;0;1.408744e-01
'unknown';45.510000;0;0;9.260242e-02
'unknown';45.520000;1.888135e+01;2.518721e-01;7.998770e-02
'unknown';45.530000;4.278368e+01;5.069766e-01;9.135620e-02
'unknown';45.540000;6.617414e+01;7.673378e-01;1.723140e-01
'unknown';45.550000;1.173929e+02;7.878122e-01;2.103114e-01
'unknown';45.560000;1.649106e+02;8.128299e-01;1.699409e-01
'unknown';45.570000;2.136333e+02;8.344557e-01;1.135040e-01
'unknown';45.580000;2.162915e+02;8.404942e-01;7.160111e-02
'unknown';45.590000;2.185411e+02;8.346124e-01;1.123191e-01
'unknown';45.600000;2.202435e+02;8.234383e-01;9.814014e-02
'unknown';45.610000;2.209655e+02;8.197340e-01;1.050990e-01
'unknown';45.620000;2.204367e+02;8.296332e-01;1.008119e-01
'unknown';45.630000;2.196705e+02;8.447154e-01;9.937080e-02
'unknown';45.640000;2.192377e+02;8.519421e-01;1.003541e-01
'unknown';45.650000;2.191449e+02;8.476064e-01;7.984588e-02
'unknown';45.660000;2.189342e+02;8.397968e-01;8.668109e-02
'unknown';45.670000;2.182950e+02;8.286400e-01;1.157184e-01
'unknown';45.680000;2.159855e+02;8.127013e-01;1.046904e-01
'unknown';45.690000;2.125731e+02;8.026630e-01;1.153052e-01
'unknown';45.700000;2.079126e+02;7.904302e-01;9.966916e-02
'unknown';45.710000;1.371740e+02;5.265651e-01;9.211705e-02
'unknown';45.720000;8.609452e+01;5.144341e-01;1.201997e-01
'unknown';45.730000;3.651178e+01;5.170914e-01;6.955799e-02
'unknown';45.740000;5.490578e+01;7.797573e-01;1.290584e-01
'unknown';45.750000;5.708629e+01;7.859898e-01;1.040251e-01
'unknown';45.760000;5.939665e+01;7.892705e-01;1.363858e-01
'unknown';45.770000;6.161198e+01;7.882111e-01;1.336267e-01
'unknown';45.780000;6.180251e+01;7.859380e-01;1.487377e-01
'unknown';45.790000;6.167230e+01;7.863900e-01;1.595733e-01
'unknown';45.800000;6.206746e+01;7.890687e-01;1.285385e-01
'unknown';45.810000;6.230460e+01;7.971417e-01;1.471325e-01
'unknown';45.820000;6.218045e+01;7.962602e-01;1.638928e-01
'unknown';45.830000;6.093424e+01;7.940592e-01;1.722924e-01
'unknown';45.840000;3.997933e+01;5.261109e-01;1.228195e-01
'unknown';45.850000;1.975826e+01;2.620844e-01;9.606677e-02
'unknown';45.860000;0;0;9.783689e-02
'unknown';45.870000;0;0;9.557557e-02
'unknown';45.880000;1.966353e+01;2.583484e-01;6.554415e-02
'unknown';45.890000;3.965345e+01;5.236680e-01;4.796774e-02
'unknown';45.900000;5.957617e+01;7.926003e-01;5.144806e-02
'unknown';45.910000;5.955562e+01;8.020738e-01;7.573523e-02
'unknown';45.920000;3.956570e+01;5.367543e-01;9.540834e-02
'unknown';45.930000;4.077942e+01;5.338917e-01;1.080177e-01
'unknown';45.940000;4.155803e+01;5.295400e-01;1.011695e-01
'unknown';45.950000;6.225938e+01;7.936648e-01;6.988192e-02
'unknown';45.960000;6.247298e+01;7.950723e-01;6.430141e-02
'unknown';45.970000;4.205139e+01;5.316021e-01;8.014511e-02
'unknown';45.980000;2.135004e+01;2.674773e-01;9.061518e-02
'unknown';45.990000;0;0;7.261425e-02
'unknown';46.000000;0;0;7.320422e-02
'unknown';46.010000;0;0;9.383399e-02
'unknown';46.020000;0;0;1.263205e-01
'unknown';46.030000;1.751698e+01;2.557463e-01;1.201277e-01
'unknown';46.040000;8.818433e+01;5.118273e-01;1.003598e-01
'unknown';46.050000;1.593249e+02;7.738659e-01;6.580406e-02
'unknown';46.060000;2.133941e+02;7.880175e-01;7.707133e-02
'unknown';46.070000;2.146121e+02;7.998608e-01;8.568875e-02
'unknown';46.080000;2.140988e+02;8.110921e-01;1.106765e-01
'unknown';46.090000;2.129540e+02;8.130186e-01;1.299535e-01
'unknown';46.100000;2.123136e+02;8.264871e-01;2.146568e-01
'unknown';46.110000;2.137185e+02;8.350748e-01;2.327046e-01
'unknown';46.120000;2.152086e+02;8.366254e-01;2.413319e-01
'unknown';46.130000;1.671111e+02;8.119554e-01;2.129545e-01
'unknown';46.140000;1.183708e+02;7.874787e-01;2.011937e-01
'unknown';46.150000;6.984123e+01;7.753412e-01;1.463780e-01
'unknown';46.160000;7.041166e+01;7.790759e-01;1.185231e-01
'unknown';46.170000;4.711985e+01;5.216946e-01;1.052909e-01
'unknown';46.180000;2.371782e+01;2.604572e-01;1.131075e-01
'unknown';46.190000;0;0;7.515708e-02
'unknown';46.200000;7.114432e+01;2.609364e-01;1.194937e-01
'unknown';46.210000;1.424821e+02;5.179079e-01;1.453162e-01
'unknown';46.220000;1.424821e+02;5.179079e-01;1.499490e-01
'unknown';46.230000;7.133778e+01;2.569716e-01;1.202168e-01
'unknown';46.240000;2.298159e+01;2.560128e-01;8.969093e-02
'unknown';46.250000;4.592632e+01;5.103054e-01;1.031947e-01
'unknown';46.260000;6.944131e+01;7.701923e-01;1.113839e-01
'unknown';46.270000;1.161447e+02;7.729704e-01;1.473338e-01
'unknown';46.280000;1.624247e+02;7.835558e-01;1.370398e-01
'unknown';46.290000;2.088638e+02;7.877107e-01;1.089447e-01
'unknown';46.300000;2.079235e+02;7.952471e-01;6.172517e-02
'unknown';46.310000;2.071825e+02;8.045807e-01;7.298996e-02
'unknown';46.320000;2.058641e+02;8.223731e-01;1.163768e-01
'unknown';46.330000;2.059577e+02;8.411474e-01;1.594813e-01
'unknown';46.340000;2.068464e+02;8.459733e-01;1.971323e-01
'unknown';46.350000;2.080314e+02;8.327432e-01;2.271047e-01
'unknown';46.360000;2.101050e+02;8.135953e-01;2.249663e-01
'unknown';46.370000;2.122535e+02;8.012272e-01;1.745989e-01
'unknown';46.380000;2.138167e+02;8.052592e-01;1.097887e-01
'unknown';46.390000;2.136452e+02;8.037171e-01;1.299379e-01
'unknown';46.400000;2.117620e+02;8.069432e-01;1.499401e-01
'unknown';46.410000;2.091634e+02;8.103046e-01;1.755899e-01
'unknown';46.420000;2.066304e+02;8.303130e-01;1.462043e-01
'unknown';46.430000;2.043555e+02;8.462495e-01;1.679943e-01
'unknown';46.440000;2.022371e+02;8.560368e-01;2.119645e-01
'unknown';46.450000;2.000771e+02;8.592696e-01;2.589406e-01
'unknown';46.460000;1.981767e+02;8.588648e-01;2.499002e-01
'unknown';46.470000;1.962959e+02;8.590837e-01;1.987889e-01
'unknown';46.480000;1.944501e+02;8.590396e-01;1.889481e-01
'unknown';46.490000;1.925688e+02;8.605406e-01;2.387865e-01
'unknown';46.500000;1.910105e+02;8.529150e-01;2.470320e-01
'unknown';46.510000;1.894921e+02;8.329926e-01;2.516880e-01
'unknown';46.520000;1.882436e+02;8.076984e-01;1.612186e-01
'unknown';46.530000;1.870467e+02;7.968228e-01;1.396961e-01
'unknown';46.540000;1.860344e+02;7.998467e-01;1.052844e-01
'unknown';46.550000;1.851880e+02;8.102927e-01;1.184973e-01
'unknown';46.560000;1.846587e+02;8.156765e-01;1.695940e-01
'unknown';46.570000;1.846940e+02;8.115856e-01;2.030400e-01
'unknown';46.580000;1.232078e+02;5.395055e-01;2.070558e-01
'unknown';46.590000;6.170629e+01;2.666192e-01;1.836834e-01
'unknown';46.600000;0;0;1.315358e-01
'unknown';46.610000;0;0;1.317393e-01
'unknown';46.620000;0;2.596334e-01;1.107191e-01
'unknown';46.630000;0;2.596334e-01;1.197146e-01
'unknown';46.640000;0;2.596334e-01;1.285907e-01
'unknown';46.650000;0;0;1.045874e-01
'unknown';46.660000;2.209128e+01;2.442561e-01;7.565934e-02
'unknown';46.670000;4.689545e+01;4.861681e-01;4.810743e-02
'unknown';46.680000;1.126114e+02;7.450538e-01;5.395542e-02
'unknown';46.690000;1.579911e+02;7.783968e-01;6.813157e-02
'unknown';46.700000;2.031953e+02;8.143236e-01;8.367449e-02
'unknown';46.710000;2.095035e+02;8.356890e-01;1.212275e-01
'unknown';46.720000;2.156315e+02;8.331804e-01;2.021481e-01
'unknown';46.730000;2.215992e+02;8.267813e-01;2.150353e-01
'unknown';46.740000;2.278872e+02;8.224514e-01;2.574585e-01
'unknown';46.750000;2.345332e+02;8.257661e-01;2.510494e-01
'unknown';46.760000;2.389403e+02;8.364742e-01;3.169038e-01
'unknown';46.770000;2.396395e+02;8.418888e-01;2.517271e-01
'unknown';46.780000;2.383931e+02;8.419315e-01;1.983518e-01
'unknown';46.790000;2.375497e+02;8.343661e-01;1.206746e-01
'unknown';46.800000;2.383302e+02;8.235094e-01;1.407091e-01
'unknown';46.810000;2.395474e+02;8.115694e-01;1.595519e-01
'unknown';46.820000;2.403209e+02;8.114887e-01;1.848193e-01
'unknown';46.830000;2.407769e+02;8.190611e-01;1.497026e-01
'unknown';46.840000;2.399993e+02;8.292825e-01;1.357042e-01
'unknown';46.850000;2.378902e+02;8.317339e-01;1.268295e-01
'unknown';46.860000;2.351838e+02;8.327755e-01;1.910724e-01
'unknown';46.870000;2.327813e+02;8.287876e-01;1.909047e-01
'unknown';46.880000;1.739391e+02;8.075924e-01;1.812664e-01
'unknown';46.890000;1.164208e+02;7.842572e-01;1.418599e-01
'unknown';46.900000;5.982053e+01;7.673247e-01;9.751630e-02
'unknown';46.910000;6.142073e+01;7.669411e-01;1.078091e-01
'unknown';46.920000;6.288704e+01;7.661455e-01;1.308331e-01
'unknown';46.930000;4.245160e+01;5.103369e-01;1.991218e-01
'unknown';46.940000;2.148939e+01;2.549627e-01;2.109728e-01
'unknown';46.950000;0;0;1.508690e-01
'unknown';46.960000;0;0;1.318052e-01
'unknown';46.970000;2.146487e+01;2.533496e-01;1.189704e-01
'unknown';46.980000;4.292607e+01;5.055335e-01;1.444377e-01
'unknown';46.990000;6.445137e+01;7.495553e-01;1.211127e-01
'unknown';47.000000;9.252645e+01;7.540143e-01;1.123654e-01
'unknown';47.010000;1.228109e+02;7.702906e-01;9.107005e-02
'unknown';47.020000;1.534932e+02;8.073700e-01;1.204922e-01
'unknown';47.030000;1.561931e+02;8.344249e-01;1.118963e-01
'unknown';47.040000;1.567051e+02;8.546223e-01;2.524534e-01
'unknown';47.050000;1.567307e+02;8.642258e-01;2.351682e-01
'unknown';47.060000;1.563471e+02;8.682429e-01;3.243262e-01
'unknown';47.070000;1.553480e+02;8.675960e-01;3.706334e-01
'unknown';47.080000;1.539111e+02;8.635685e-01;5.374854e-01
'unknown';47.090000;1.523782e+02;8.611171e-01;4.336282e-01
'unknown';47.100000;1.509306e+02;8.593774e-01;5.567371e-01
'unknown';47.110000;1.493767e+02;8.596837e-01;4.296090e-01
'unknown';47.120000;1.478286e+02;8.592467e-01;7.301161e-01
'unknown';47.130000;1.465019e+02;8.578305e-01;4.403780e-01
'unknown';47.140000;1.454030e+02;8.559942e-01;6.002137e-01
'unknown';47.150000;1.443244e+02;8.554516e-01;4.892040e-01
'unknown';47.160000;1.432641e+02;8.548610e-01;7.007439e-01
'unknown';47.170000;1.423961e+02;8.543535e-01;5.984318e-01
'unknown';47.180000;1.420770e+02;8.536425e-01;4.869427e-01
'unknown';47.190000;1.425997e+02;8.555219e-01;5.249816e-01
'unknown';47.200000;1.442605e+02;8.551111e-01;4.930134e-01
'unknown';47.210000;1.470908e+02;8.511316e-01;5.923097e-01
'unknown';47.220000;1.512855e+02;8.415105e-01;3.784275e-01
'unknown';47.230000;1.576931e+02;8.320010e-01;4.919884e-01
'unknown';47.240000;1.649002e+02;8.262791e-01;4.865675e-01
'unknown';47.250000;1.723829e+02;8.252580e-01;5.445393e-01
'unknown';47.260000;1.786471e+02;8.292696e-01;4.532281e-01
'unknown';47.270000;1.842205e+02;8.354142e-01;3.630967e-01
'unknown';47.280000;1.883104e+02;8.447318e-01;2.961358e-01
'unknown';47.290000;1.905771e+02;8.532846e-01;4.141384e-01
'unknown';47.300000;1.912339e+02;8.593550e-01;4.908650e-01
'unknown';47.310000;1.902954e+02;8.608450e-01;6.707423e-01
'unknown';47.320000;1.878232e+02;8.556457e-01;5.809909e-01
'unknown';47.330000;1.827087e+02;8.444872e-01;5.932855e-01
'unknown';47.340000;1.758164e+02;8.280131e-01;5.270533e-01
'unknown';47.350000;1.674312e+02;8.206024e-01;4.165659e-01
'unknown';47.360000;1.600181e+02;8.090006e-01;2.802722e-01
'unknown';47.370000;1.533847e+02;8.153579e-01;3.499917e-01
'unknown';47.380000;1.492291e+02;8.237724e-01;4.907199e-01
'unknown';47.390000;1.468503e+02;8.429317e-01;5.120589e-01
'unknown';47.400000;1.463657e+02;8.542283e-01;3.576463e-01
'unknown';47.410000;1.461843e+02;8.564830e-01;4.477009e-01
'unknown';47.420000;1.459098e+02;8.575541e-01;5.933688e-01
'unknown';47.430000;1.453423e+02;8.526843e-01;6.006965e-01
'unknown';47.440000;1.445523e+02;8.476975e-01;4.652329e-01
'unknown';47.450000;1.440193e+02;8.456245e-01;4.462407e-01
'unknown';47.460000;1.436489e+02;8.449556e-01;4.315309e-01
'unknown';47.470000;1.435011e+02;8.442543e-01;3.631015e-01
'unknown';47.480000;1.435207e+02;8.409581e-01;2.666317e-01
'unknown';47.490000;1.439678e+02;8.343515e-01;2.803641e-01
'unknown';47.500000;1.418659e+02;8.161662e-01;3.263321e-01
'unknown';47.510000;1.395237e+02;7.861943e-01;2.980374e-01
'unknown';47.520000;9.124917e+01;5.108508e-01;3.190118e-01
'unknown';47.530000;4.560860e+01;5.017616e-01;2.922826e-01
'unknown';47.540000;0;2.523805e-01;2.598673e-01
'unknown';47.550000;0;2.523805e-01;1.848622e-01
'unknown';47.560000;2.365042e+01;2.570793e-01;1.142029e-01
'unknown';47.570000;4.757382e+01;5.157943e-01;8.857567e-02
'unknown';47.580000;7.146552e+01;7.688103e-01;5.419188e-02
'unknown';47.590000;7.129702e+01;7.499492e-01;6.479346e-02
'unknown';47.600000;6.566291e+01;7.314577e-01;7.457349e-02
'unknown';47.610000;4.177120e+01;4.784418e-01;1.001145e-01
'unknown';47.620000;1.828929e+01;2.402236e-01;6.414216e-02
'unknown';47.630000;0;0;3.447011e-02
'unknown';47.640000;0;0;1.656164e-02
'unknown';47.650000;0;0;4.476584e-02
'unknown';47.660000;2.227901e+01;2.534304e-01;7.609145e-02
'unknown';47.670000;4.496882e+01;5.139663e-01;9.015405e-02
'unknown';47.680000;4.496882e+01;5.139663e-01;1.020019e-01
'unknown';47.690000;2.268981e+01;5.188520e-01;1.017692e-01
'unknown';47.700000;0;2.583162e-01;1.098019e-01
'unknown';47.710000;0;2.583162e-01;1.163459e-01
'unknown';47.720000;0;0;1.226867e-01
'unknown';47.730000;0;0;9.184001e-02
'unknown';47.740000;0;0;6.385189e-02
'unknown';47.750000;0;0;3.362691e-02
'unknown';47.760000;0;2.702798e-01;5.037763e-02
'unknown';47.770000;0;2.702798e-01;6.262901e-02
'unknown';47.780000;0;2.702798e-01;9.760138e-02
'unknown';47.790000;0;0;1.132891e-01
'unknown';47.800000;0;0;1.295581e-01
'unknown';47.810000;0;0;9.876525e-02
'unknown';47.820000;0;0;6.990498e-02
'unknown';47.830000;0;0;4.760965e-02
'unknown';47.840000;0;0;5.313528e-02
'unknown';47.850000;0;0;8.940324e-02
'unknown';47.860000;0;0;1.156537e-01
'unknown';47.870000;0;0;1.422393e-01
'unknown';47.880000;0;0;1.177529e-01
'unknown';47.890000;0;0;8.687407e-02
'unknown';47.900000;0;0;5.770499e-02
'unknown';47.910000;0;0;4.546160e-02
'unknown';47.920000;0;0;4.286170e-02
'unknown';47.930000;0;0;3.510321e-02
'unknown';47.940000;0;0;3.255872e-02
'unknown';47.950000;0;0;3.005270e-02
'unknown';47.960000;0;0;4.460379e-02
'unknown';47.970000;0;0;5.093955e-02
'unknown';47.980000;0;0;6.454004e-02
'unknown';47.990000;0;2.260339e-01;8.166903e-02
'unknown';48.000000;5.719082e+01;4.683205e-01;9.151208e-02
'unknown';48.010000;1.139678e+02;7.385535e-01;1.036479e-01
'unknown';48.020000;1.693290e+02;7.951072e-01;8.086869e-02
'unknown';48.030000;1.668740e+02;8.388458e-01;1.937956e-01
'unknown';48.040000;1.645468e+02;8.565955e-01;3.651353e-01
'unknown';48.050000;1.638595e+02;8.611081e-01;4.380085e-01
'unknown';48.060000;1.646532e+02;8.577228e-01;5.068730e-01
'unknown';48.070000;1.669227e+02;8.477337e-01;4.973973e-01
'unknown';48.080000;1.710231e+02;8.363321e-01;4.902267e-01
'unknown';48.090000;1.755313e+02;8.164727e-01;4.916761e-01
'unknown';48.100000;1.835254e+02;8.021796e-01;4.222672e-01
'unknown';48.110000;1.930949e+02;7.777000e-01;5.362114e-01
'unknown';48.120000;2.081791e+02;7.782850e-01;4.028803e-01
'unknown';48.130000;2.215681e+02;7.827885e-01;3.759222e-01
'unknown';48.140000;2.323982e+02;7.954042e-01;3.139157e-01
'unknown';48.150000;1.820023e+02;7.835059e-01;2.626151e-01
'unknown';48.160000;1.286259e+02;7.689852e-01;2.629230e-01
'unknown';48.170000;7.017862e+01;7.614441e-01;2.998487e-01
'unknown';48.180000;6.609614e+01;7.627533e-01;2.898025e-01
'unknown';48.190000;4.137007e+01;5.090701e-01;2.039827e-01
'unknown';48.200000;3.966925e+01;4.898589e-01;7.855251e-02
'unknown';48.210000;4.278614e+01;4.764454e-01;1.009761e-01
'unknown';48.220000;4.278614e+01;7.049425e-01;1.093445e-01
'unknown';48.230000;2.376048e+01;6.979334e-01;8.874672e-02
'unknown';48.240000;0;6.832676e-01;9.871846e-02
'unknown';48.250000;0;6.854126e-01;8.747336e-02
'unknown';48.260000;2.741849e+01;6.971597e-01;1.000658e-01
'unknown';48.270000;8.235834e+01;7.341333e-01;1.077773e-01
'unknown';48.280000;1.363748e+02;7.739399e-01;1.325837e-01
'unknown';48.290000;1.624345e+02;8.076044e-01;1.268395e-01
'unknown';48.300000;1.606858e+02;8.241048e-01;1.167345e-01
'unknown';48.310000;1.593662e+02;8.324189e-01;1.606934e-01
'unknown';48.320000;1.577280e+02;8.346159e-01;2.285876e-01
'unknown';48.330000;1.552584e+02;8.308839e-01;2.879459e-01
'unknown';48.340000;1.519296e+02;8.266085e-01;3.984743e-01
'unknown';48.350000;1.481025e+02;8.255384e-01;3.274245e-01
'unknown';48.360000;1.445747e+02;8.277522e-01;3.547538e-01
'unknown';48.370000;1.415557e+02;8.288331e-01;2.026733e-01
'unknown';48.380000;1.388746e+02;8.261256e-01;3.022483e-01
'unknown';48.390000;1.361903e+02;8.249076e-01;2.618232e-01
'unknown';48.400000;1.336371e+02;8.269260e-01;2.655407e-01
'unknown';48.410000;1.316888e+02;8.321154e-01;2.710213e-01
'unknown';48.420000;1.301751e+02;8.351828e-01;2.085740e-01
'unknown';48.430000;1.290976e+02;8.373507e-01;2.224741e-01
'unknown';48.440000;1.280426e+02;8.352045e-01;2.353527e-01
'unknown';48.450000;1.270576e+02;8.310594e-01;2.544714e-01
'unknown';48.460000;1.261743e+02;8.235104e-01;3.085744e-01
'unknown';48.470000;1.254468e+02;8.144975e-01;2.520940e-01
'unknown';48.480000;1.247264e+02;8.021579e-01;3.135943e-01
'unknown';48.490000;1.037373e+02;7.925666e-01;2.520391e-01
'unknown';48.500000;8.331824e+01;7.860653e-01;1.908364e-01
'unknown';48.510000;4.202795e+01;5.240476e-01;1.701026e-01
'unknown';48.520000;2.118195e+01;2.614332e-01;1.590219e-01
'unknown';48.530000;0;0;2.364718e-01
'unknown';48.540000;2.130134e+01;2.609693e-01;2.212124e-01
'unknown';48.550000;4.278326e+01;5.223553e-01;1.980944e-01
'unknown';48.560000;4.278326e+01;5.223553e-01;1.036165e-01
'unknown';48.570000;2.148192e+01;2.613859e-01;7.030185e-02
'unknown';48.580000;0;6.262547e-02;9.648340e-02
'unknown';48.590000;0;6.262547e-02;1.374730e-01
'unknown';48.600000;0;6.262547e-02;1.550178e-01
'unknown';48.610000;0;0;1.502738e-01
'unknown';48.620000;0;0;1.101956e-01
'unknown';48.630000;0;0;8.184965e-02
'unknown';48.640000;0;0;6.492584e-02
'unknown';48.650000;0;2.685002e-01;6.492584e-02
'unknown';48.660000;0;2.685002e-01;6.257769e-02
'unknown';48.670000;0;5.210248e-01;7.559773e-02
'unknown';48.680000;0;2.525246e-01;1.036144e-01
'unknown';48.690000;0;2.525246e-01;1.098372e-01
'unknown';48.700000;0;0;7.775235e-02
'unknown';48.710000;0;2.730031e-01;6.353452e-02
'unknown';48.720000;0;2.730031e-01;6.732807e-02
'unknown';48.730000;1.817452e+01;5.416502e-01;1.066360e-01
'unknown';48.740000;3.613928e+01;5.401821e-01;1.196561e-01
'unknown';48.750000;5.651519e+01;8.034369e-01;9.766074e-02
'unknown';48.760000;5.941542e+01;8.016153e-01;6.448567e-02
'unknown';48.770000;6.245923e+01;7.988083e-01;4.813689e-02
'unknown';48.780000;6.189937e+01;8.033128e-01;5.048598e-02
'unknown';48.790000;5.998153e+01;8.068414e-01;4.774239e-02
'unknown';48.800000;5.693542e+01;8.078935e-01;6.119457e-02
'unknown';48.810000;5.854958e+01;8.067462e-01;9.424982e-02
'unknown';48.820000;6.108352e+01;8.009410e-01;1.270381e-01
'unknown';48.830000;6.434444e+01;7.980385e-01;1.270381e-01
'unknown';48.840000;6.448114e+01;7.994754e-01;8.440091e-02
'unknown';48.850000;6.472065e+01;8.046505e-01;8.717054e-02
'unknown';48.860000;6.345729e+01;7.998922e-01;1.026609e-01
'unknown';48.870000;6.148428e+01;7.975542e-01;1.318890e-01
'unknown';48.880000;5.998919e+01;7.976764e-01;8.636979e-02
'unknown';48.890000;5.970610e+01;7.995239e-01;5.771701e-02
'unknown';48.900000;4.011218e+01;5.338128e-01;3.304926e-02
'unknown';48.910000;1.967692e+01;2.639665e-01;5.132676e-02
'unknown';48.920000;0;0;5.815971e-02
'unknown';48.930000;0;2.659889e-01;7.541183e-02
'unknown';48.940000;0;2.659889e-01;8.169525e-02
'unknown';48.950000;0;2.659889e-01;7.246890e-02
'unknown';48.960000;0;0;6.496985e-02
'unknown';48.970000;0;0;5.086032e-02
'unknown';48.980000;0;2.682918e-01;4.110726e-02
'unknown';48.990000;0;2.682918e-01;4.910700e-02
'unknown';49.000000;0;2.682918e-01;7.441591e-02
'unknown';49.010000;0;0;1.028228e-01
'unknown';49.020000;0;0;9.153261e-02
'unknown';49.030000;0;2.564029e-01;8.193600e-02
'unknown';49.040000;0;2.564029e-01;7.798145e-02
'unknown';49.050000;1.886392e+01;5.167786e-01;9.787963e-02
'unknown';49.060000;3.771880e+01;5.265253e-01;7.511551e-02
'unknown';49.070000;5.656538e+01;7.933677e-01;6.222769e-02
'unknown';49.080000;5.810104e+01;8.005271e-01;4.402330e-02
'unknown';49.090000;6.102168e+01;7.988613e-01;6.204717e-02
'unknown';49.100000;6.456451e+01;7.971856e-01;5.623546e-02
'unknown';49.110000;6.432111e+01;7.894741e-01;4.351864e-02
'unknown';49.120000;4.254559e+01;5.249904e-01;5.029939e-02
'unknown';49.130000;2.015618e+01;2.598237e-01;7.275214e-02
'unknown';49.140000;0;0;9.431201e-02
'unknown';49.150000;0;0;7.655921e-02
'unknown';49.160000;0;0;6.660133e-02
'unknown';49.170000;0;2.523548e-01;5.840750e-02
'unknown';49.180000;0;2.523548e-01;5.310891e-02
'unknown';49.190000;0;2.523548e-01;4.334418e-02
'unknown';49.200000;0;0;3.301623e-02
'unknown';49.210000;1.914699e+01;2.681645e-01;3.831482e-02
'unknown';49.220000;3.966150e+01;5.385494e-01;2.595254e-02
'unknown';49.230000;3.966150e+01;5.385494e-01;4.370697e-02
'unknown';49.240000;2.051451e+01;2.703849e-01;6.195461e-02
'unknown';49.250000;0;0;7.826770e-02
'unknown';49.260000;0;0;9.489707e-02
'unknown';49.270000;2.358970e+01;2.624560e-01;9.209922e-02
'unknown';49.280000;4.709532e+01;5.237163e-01;8.393198e-02
'unknown';49.290000;7.070599e+01;7.854044e-01;5.718070e-02
'unknown';49.300000;6.956228e+01;7.886946e-01;7.858419e-02
'unknown';49.310000;6.583390e+01;7.944100e-01;1.025232e-01
'unknown';49.320000;4.222323e+01;5.327221e-01;1.191084e-01
'unknown';49.330000;1.977724e+01;2.669757e-01;9.636471e-02
'unknown';49.340000;1.998173e+01;2.672189e-01;8.566240e-02
'unknown';49.350000;4.036269e+01;5.348724e-01;7.761828e-02
'unknown';49.360000;6.306830e+01;7.976305e-01;9.803177e-02
'unknown';49.370000;6.720102e+01;7.926387e-01;1.002278e-01
'unknown';49.380000;4.682006e+01;5.249853e-01;8.405418e-02
'unknown';49.390000;2.411445e+01;2.622271e-01;7.200266e-02
'unknown';49.400000;0;0;5.578808e-02
'unknown';49.410000;0;0;5.956389e-02
'unknown';49.420000;0;0;4.211391e-02
'unknown';49.430000;0;0;5.134785e-02
'unknown';49.440000;0;0;6.320386e-02
'unknown';49.450000;2.256137e+01;2.646398e-01;6.282949e-02
'unknown';49.460000;4.488167e+01;5.295551e-01;5.692108e-02
'unknown';49.470000;4.488167e+01;5.295551e-01;7.141905e-02
'unknown';49.480000;2.232031e+01;2.649153e-01;8.222169e-02
'unknown';49.490000;0;0;9.581929e-02
'unknown';49.500000;0;0;1.000733e-01
'unknown';49.510000;0;0;9.648025e-02
'unknown';49.520000;0;2.589376e-01;7.558237e-02
'unknown';49.530000;0;2.589376e-01;5.216147e-02
'unknown';49.540000;0;2.589376e-01;4.532626e-02
'unknown';49.550000;0;0;6.019776e-02
'unknown';49.560000;0;0;7.585320e-02
'unknown';49.570000;0;0;6.262317e-02
'unknown';49.580000;0;0;7.418424e-02
'unknown';49.590000;0;0;5.047484e-02
'unknown';49.600000;0;0;5.480398e-02
'unknown';49.610000;2.029814e+01;2.616607e-01;4.735441e-02
'unknown';49.620000;4.030398e+01;5.292572e-01;3.551636e-02
'unknown';49.630000;6.030981e+01;7.968537e-01;4.914879e-02
'unknown';49.630000;6.001752e+01;8.027895e-01;4.040892e-02
